Code,Name,Category Code,Unit,Cost,Price,Alert Quantity, Tax Rate Name,Tax Method,Subcategory Code,Product Variants Separated by |,Custom Field 1,Custom Field 2,Custom Field 3,Custom Field 4,Custom Field 5,Custom Field 6
1,ACTUALIZACIÓN DE ROM,SERVICIOS,Unidades,,1,, No Tax, inclusive,,,,,,,,
2,BÚSQUEDA DE TRABAJO,SERVICIOS,Unidades,,1,, No Tax, inclusive,,,,,,,,
3,CAMBIO DE MICROFONO,SERVICIOS,Unidades,,1,, No Tax, inclusive,,,,,,,,
4,CAMBIO DE PANTALLA TACTIL,SERVICIOS,Unidades,,1,, No Tax, inclusive,,,,,,,,
5,CONFIGURACION DE (APN),SERVICIOS,Unidades,,1,, No Tax, inclusive,,,,,,,,
6,CONFIGURACIÓN DE CELULAR,SERVICIOS,Unidades,,1,, No Tax, inclusive,,,,,,,,
7,CREAR CUENTAS CORREOS REDES SOCIALESETC,SERVICIOS,Unidades,,1,, No Tax, inclusive,,,,,,,,
8,DESBLOQUEO PATRÓN,SERVICIOS,Unidades,,1,, No Tax, inclusive,,,,,,,,
9,DESCARGA DE APK PARA MOVILES Y TABLETS,SERVICIOS,Unidades,,1,, No Tax, inclusive,,,,,,,,
10,DESCARGA DE JUEGOS,SERVICIOS,Unidades,,1,, No Tax, inclusive,,,,,,,,
11,DESCARGA DE MÚSICA,SERVICIOS,Unidades,,1,, No Tax, inclusive,,,,,,,,
12,DESCARGA DE PROGRAMAS,SERVICIOS,Unidades,,1,, No Tax, inclusive,,,,,,,,
13,DESCARGA DE VIDEOS,SERVICIOS,Unidades,,1,, No Tax, inclusive,,,,,,,,
14,DESENCRIPTAR CLAVE WINDOWS,SERVICIOS,Unidades,,1,, No Tax, inclusive,,,,,,,,
15,DESINFECCIÓN DE USB,SERVICIOS,Unidades,,1,, No Tax, inclusive,,,,,,,,
16,DIAGNOSTICO DE CELULARES,SERVICIOS,Unidades,,1,, No Tax, inclusive,,,,,,,,
17,DIAGNOSTICO DE COMPUTADORA,SERVICIOS,Unidades,,1,, No Tax, inclusive,,,,,,,,
18,DIBUJOS,SERVICIOS,Unidades,,1,, No Tax, inclusive,,,,,,,,
19,DISEÑO GRÁFICO,SERVICIOS,Unidades,,1,, No Tax, inclusive,,,,,,,,
20,DUPLICADO DNI,SERVICIOS,Unidades,,1,, No Tax, inclusive,,,,,,,,
21,EDICION DE MUSICA DJ,SERVICIOS,Unidades,,1,, No Tax, inclusive,,,,,,,,
22,EDICIÓN DE VIDEO,SERVICIOS,Unidades,,1,, No Tax, inclusive,,,,,,,,
23,ESCANEOS,SERVICIOS,Unidades,,1,, No Tax, inclusive,,,,,,,,
24,FLASHEO CELULAR,SERVICIOS,Unidades,,1,, No Tax, inclusive,,,,,,,,
25,FORMATEO DE LAPTOPS,SERVICIOS,Unidades,,1,, No Tax, inclusive,,,,,,,,
26,FORMATEO DE PC,SERVICIOS,Unidades,,1,, No Tax, inclusive,,,,,,,,
27,FOTOCOPIAS,SERVICIOS,Unidades,,1,, No Tax, inclusive,,,,,,,,
28,IMPRESIÓN A COLOR,SERVICIOS,Unidades,,1,, No Tax, inclusive,,,,,,,,
29,IMPRESIÓN B/N,SERVICIOS,Unidades,,1,, No Tax, inclusive,,,,,,,,
30,INMUNIZACIÓN USB,SERVICIOS,Unidades,,1,, No Tax, inclusive,,,,,,,,
31,INSTALACIÓN DE PROGRAMAS,SERVICIOS,Unidades,,1,, No Tax, inclusive,,,,,,,,
32,LIBERACIÓN DE CELULAR,SERVICIOS,Unidades,,1,, No Tax, inclusive,,,,,,,,
33,LIMPIEZA POR AGUA DE CELULARES,SERVICIOS,Unidades,,1,, No Tax, inclusive,,,,,,,,
34,LIMPIEZA POR CAMARA,SERVICIOS,Unidades,,1,, No Tax, inclusive,,,,,,,,
35,MANTENIMIENTO DE CELULARES,SERVICIOS,Unidades,,1,, No Tax, inclusive,,,,,,,,
36,MANTENIMIENTO DE PC,SERVICIOS,Unidades,,1,, No Tax, inclusive,,,,,,,,
37,MANTENIMIENTO LAPTOP,SERVICIOS,Unidades,,1,, No Tax, inclusive,,,,,,,,
38,MANTENIMIENTO Y LIMPIEZA DE CELULARES,SERVICIOS,Unidades,,1,, No Tax, inclusive,,,,,,,,
39,QUEMADO CD / DVD ,SERVICIOS,Unidades,,1,, No Tax, inclusive,,,,,,,,
40,RECUPERACIÓN DE ARCHIVOS,SERVICIOS,Unidades,,1,, No Tax, inclusive,,,,,,,,
41,RECUPERACIÓN DE CONTACTOS,SERVICIOS,Unidades,,1,, No Tax, inclusive,,,,,,,,
42,RECUPERACION DE CUENTA,SERVICIOS,Unidades,,1,, No Tax, inclusive,,,,,,,,
43,REMOVER CUENTA DE GOOGLE,SERVICIOS,Unidades,,1,, No Tax, inclusive,,,,,,,,
44,REPARACIÓN DE CELULARES Y TABLET ,SERVICIOS,Unidades,,1,, No Tax, inclusive,,,,,,,,
45,REPARACIÓN DE INICIO,SERVICIOS,Unidades,,1,, No Tax, inclusive,,,,,,,,
46,RESTAURACIÓN DE FÁBRICA,SERVICIOS,Unidades,,1,, No Tax, inclusive,,,,,,,,
47,RESTAURACION DE FABRICA CELULARES,SERVICIOS,Unidades,,1,, No Tax, inclusive,,,,,,,,
48,RESTAURACION DE FABRICA TABLETS,SERVICIOS,Unidades,,1,, No Tax, inclusive,,,,,,,,
49,ROOTEO DE CELULARES,SERVICIOS,Unidades,,1,, No Tax, inclusive,,,,,,,,
50,TIPEOS,SERVICIOS,Unidades,,1,, No Tax, inclusive,,,,,,,,
51,TRABAJO MAPA CONCEPTUALES,SERVICIOS,Unidades,,1,, No Tax, inclusive,,,,,,,,
52,TRANSFERENCIA DE MÚSICA O VIDEO,SERVICIOS,Unidades,,1,, No Tax, inclusive,,,,,,,,
53,AUDIFONO C/ MICROFONO BLUETOOTH XTECH XTH610 BLACK,TECNOLOGIA,Unidades,,1,0, No Tax, inclusive,ACCESORIOSCOMPU,,,,,,,
54,AUDIFONO C/ MICROFONO GAMING KINGSTON HYPER X CLOUD DRONE (PN:KHX-HSCD-BK/LA),TECNOLOGIA,Unidades,,1,0, No Tax, inclusive,ACCESORIOSCOMPU,,,,,,,
55,AUDIFONO C/ MICROFONO GAMING KINGSTON HYPER X CLOUD REVOLVER (PN:HX-HSCR-BK/LA),TECNOLOGIA,Unidades,,1,0, No Tax, inclusive,ACCESORIOSCOMPU,,,,,,,
56,AUDIFONO C/MICRO GENIUS HS-920BT BLUETOOTH BLUE,TECNOLOGIA,Unidades,,1,0, No Tax, inclusive,ACCESORIOSCOMPU,,,,,,,
57,AUDIFONO C/MICRO LOGITECH STEREO H110,TECNOLOGIA,Unidades,,1,0, No Tax, inclusive,ACCESORIOSCOMPU,,,,,,,
58,AUDIFONO C/MICRO LOGITECH STEREO H151 BLACK,TECNOLOGIA,Unidades,,1,0, No Tax, inclusive,ACCESORIOSCOMPU,,,,,,,
59,AUDIFONO C/MICRO MICROSOFT LX-4000 FOR BUSINESS USB,TECNOLOGIA,Unidades,,1,0, No Tax, inclusive,ACCESORIOSCOMPU,,,,,,,
60,AUDIFONO C/MICRO PORTABLE COOLER MASTER HS-500 BLACK,TECNOLOGIA,Unidades,,1,0, No Tax, inclusive,ACCESORIOSCOMPU,,,,,,,
61,AUDIFONO C/MICRO PORTABLE COOLER MASTER HS-500 SILVER,TECNOLOGIA,Unidades,,1,0, No Tax, inclusive,ACCESORIOSCOMPU,,,,,,,
62,AUDIFONO C/MICROFONO CYBERLINK MSK-800VR NEGRO,TECNOLOGIA,Unidades,,1,0, No Tax, inclusive,ACCESORIOSCOMPU,,,,,,,
63,AUDIFONO C/MICROFONO GENIUS HS-920BT BLUETOOTH 4.0 BLACK / BLUE (PN 31710188103),TECNOLOGIA,Unidades,,1,0, No Tax, inclusive,ACCESORIOSCOMPU,,,,,,,
64,AUDIFONO C/MICROFONO LOGITECH CLEARCHAT COMFORT H390,TECNOLOGIA,Unidades,,1,0, No Tax, inclusive,ACCESORIOSCOMPU,,,,,,,
65,AUDIFONO C/MICROFONO LOGITECH STEREO H111 (PN 981-000612),TECNOLOGIA,Unidades,,1,0, No Tax, inclusive,ACCESORIOSCOMPU,,,,,,,
66,AUDIFONO C/MICROFONO MICROSOFT LIFECHAT LX-1000 (PN:JDTD-00002),TECNOLOGIA,Unidades,,1,0, No Tax, inclusive,ACCESORIOSCOMPU,,,,,,,
67,AUDIFONO C/MICROFONO MICROSOFT LX-2000,TECNOLOGIA,Unidades,,1,0, No Tax, inclusive,ACCESORIOSCOMPU,,,,,,,
68,AUDIFONO MICRONICS C/ HANSFREE VIVALDI...,TECNOLOGIA,Unidades,,1,0, No Tax, inclusive,ACCESORIOSCOMPU,,,,,,,
69,ESTABILIZADOR 1200VA SOLIDO PHOENIX 4 TOMAS 220V NACIONAL,TECNOLOGIA,Unidades,,1,0, No Tax, inclusive,ACCESORIOSCOMPU,,,,,,,
70,ESTABILIZADOR 3000VA FORZA FVR-3002 4 TOMAS IMPORTADO,TECNOLOGIA,Unidades,,1,0, No Tax, inclusive,ACCESORIOSCOMPU,,,,,,,
71,ESTABILIZADOR FORZA 1200VA FVR-1202 8 TOMAS IMPORTADO,TECNOLOGIA,Unidades,,1,0, No Tax, inclusive,ACCESORIOSCOMPU,,,,,,,
72,ESTABILIZADOR FORZA 2200VA 8 TOMAS IMPORTADO MOD:FVR-2202,TECNOLOGIA,Unidades,,1,0, No Tax, inclusive,ACCESORIOSCOMPU,,,,,,,
73,ESTABILIZADOR FORZA FVP-1202B P/ NOTEBOOK 1 TOMA 220V,TECNOLOGIA,Unidades,,1,0, No Tax, inclusive,ACCESORIOSCOMPU,,,,,,,
74,ESTABILIZADOR FORZA FVR-1002 1000VA 4 TOMAS IMPORTADO,TECNOLOGIA,Unidades,,1,0, No Tax, inclusive,ACCESORIOSCOMPU,,,,,,,
75,ESTABILIZADOR P/ NOTEBOOK FORZA FVP-1202N BLACK / 1 TOMAS 220V,TECNOLOGIA,Unidades,,1,0, No Tax, inclusive,ACCESORIOSCOMPU,,,,,,,
76,PARLANTE 2.0 CREATIVE A50 USB POWER 1.6W RMS NEGRO,TECNOLOGIA,Unidades,,1,0, No Tax, inclusive,ACCESORIOSCOMPU,,,,,,,
77,PARLANTE 2.0 GENIUS SP-I165 USB POWER 2W RMS BATERIA BLANCO,TECNOLOGIA,Unidades,,1,0, No Tax, inclusive,ACCESORIOSCOMPU,,,,,,,
78,PARLANTE 2.0 GENIUS SP-I165 USB POWER 2W RMS BATERIA NEGRO,TECNOLOGIA,Unidades,,1,0, No Tax, inclusive,ACCESORIOSCOMPU,,,,,,,
79,PARLANTE 2.0 GENIUS SP-I165 USB POWER 2W RMS BATERIA ROJO,TECNOLOGIA,Unidades,,1,0, No Tax, inclusive,ACCESORIOSCOMPU,,,,,,,
80,PARLANTE 2.0 GENIUS SP-U150X USB 4 WATTS NEGRO,TECNOLOGIA,Unidades,,1,0, No Tax, inclusive,ACCESORIOSCOMPU,,,,,,,
81,PARLANTE 2.0 LOGITECH S150 USB POWER 1.2W RMS NEGRO,TECNOLOGIA,Unidades,,1,0, No Tax, inclusive,ACCESORIOSCOMPU,,,,,,,
82,PARLANTE 2.0 LOGITECH Z120 USB POWER 1.2W RMS BLANCO/NEGRO,TECNOLOGIA,Unidades,,1,0, No Tax, inclusive,ACCESORIOSCOMPU,,,,,,,
83,PARLANTE GENIUS SW-N2.1 375 220V RMS: 12W BLACK ,TECNOLOGIA,Unidades,,1,0, No Tax, inclusive,ACCESORIOSCOMPU,,,,,,,
84,PARLANTE GENIUS SW-U2.1 200 RMS: 6W BLACK,TECNOLOGIA,Unidades,,1,0, No Tax, inclusive,ACCESORIOSCOMPU,,,,,,,
85,PARLANTE INALAMBRICOS PARA IPOD KLIP XTREME KIS-915,TECNOLOGIA,Unidades,,1,0, No Tax, inclusive,ACCESORIOSCOMPU,,,,,,,
86,PARLANTE PORTATIL ITOUR- 10 ROSADO DIVOON RMS 2.4 W,TECNOLOGIA,Unidades,,1,0, No Tax, inclusive,ACCESORIOSCOMPU,,,,,,,
87,PARLANTE USB UPO-BUD PLATA DIVOOM RMS 2.4 W,TECNOLOGIA,Unidades,,1,0, No Tax, inclusive,ACCESORIOSCOMPU,,,,,,,
88,PARLANTES 2.1 CREATIVE A120 9W RMS NEGRO,TECNOLOGIA,Unidades,,1,0, No Tax, inclusive,ACCESORIOSCOMPU,,,,,,,
89,PARLANTES 5.1 CREATIVE INSPIRE T6300 57W RMS BLACK,TECNOLOGIA,Unidades,,1,0, No Tax, inclusive,ACCESORIOSCOMPU,,,,,,,
90,PARLANTES CREATIVE A60 STEREO 2.0 BLACK RMS:4W ,TECNOLOGIA,Unidades,,1,0, No Tax, inclusive,ACCESORIOSCOMPU,,,,,,,
91,PARLANTES CREATIVE INSPIRE A550 37W RMS BLACK,TECNOLOGIA,Unidades,,1,0, No Tax, inclusive,ACCESORIOSCOMPU,,,,,,,
92,PARLANTES CREATIVE INSPIRE T3300 2.1,TECNOLOGIA,Unidades,,1,0, No Tax, inclusive,ACCESORIOSCOMPU,,,,,,,
93,PARLANTES CREATIVE T3150W WIRELESS 2.1 BLACK ,TECNOLOGIA,Unidades,,1,0, No Tax, inclusive,ACCESORIOSCOMPU,,,,,,,
94,PARLANTES LOGITECH Z213 2.1 7W RMS 220V NEGRO,TECNOLOGIA,Unidades,,1,0, No Tax, inclusive,ACCESORIOSCOMPU,,,,,,,
95,PARLANTES LOGITECH Z313 2.1 25W RMS 220V NEGRO,TECNOLOGIA,Unidades,,1,0, No Tax, inclusive,ACCESORIOSCOMPU,,,,,,,
96,PARLANTES LOGITECH Z-506 51 BLACK,TECNOLOGIA,Unidades,,1,0, No Tax, inclusive,ACCESORIOSCOMPU,,,,,,,
97,SANDISK 128GB MICRO SDHC,TECNOLOGIA,Unidades,,1,0, No Tax, inclusive,ACCESORIOSCOMPU,,,,,,,
98,SANDISK 16GB MICRO SDHC,TECNOLOGIA,Unidades,,1,0, No Tax, inclusive,ACCESORIOSCOMPU,,,,,,,
99,SANDISK 32GB MICRO SDHC,TECNOLOGIA,Unidades,,1,0, No Tax, inclusive,ACCESORIOSCOMPU,,,,,,,
100,SANDISK 4GB MICRO SDHC,TECNOLOGIA,Unidades,,1,0, No Tax, inclusive,ACCESORIOSCOMPU,,,,,,,
101,SANDISK 64GB MICRO SDHC,TECNOLOGIA,Unidades,,1,0, No Tax, inclusive,ACCESORIOSCOMPU,,,,,,,
102,SANDISK 8GB MICRO SDHC,TECNOLOGIA,Unidades,,1,0, No Tax, inclusive,ACCESORIOSCOMPU,,,,,,,
103,SUPRESOR DE PICO FORZA 6 TOMAS UNIVERSAL,TECNOLOGIA,Unidades,,1,0, No Tax, inclusive,ACCESORIOSCOMPU,,,,,,,
104,SUPRESOR DE PICO FORZA POWER STRIP BLACK MOD:FPS-005B,TECNOLOGIA,Unidades,,1,0, No Tax, inclusive,ACCESORIOSCOMPU,,,,,,,
105,SUPRESOR OMEGA MEDIANO 6 TOMAS NEGRO,TECNOLOGIA,Unidades,,1,0, No Tax, inclusive,ACCESORIOSCOMPU,,,,,,,
106,UPS 1000VA /500W FORZA NT-1002U 4TOMAS,TECNOLOGIA,Unidades,,1,0, No Tax, inclusive,ACCESORIOSCOMPU,,,,,,,
107,UPS 1500VA /840W FORZA FX-1500LCD-U 8 TOMAS 220V,TECNOLOGIA,Unidades,,1,0, No Tax, inclusive,ACCESORIOSCOMPU,,,,,,,
108,UPS 2200VA /1200W FORZA FX-2200LCD-U 8 TOMAS 220V,TECNOLOGIA,Unidades,,1,0, No Tax, inclusive,ACCESORIOSCOMPU,,,,,,,
109,UPS 2200VA /1980W APC SMART SUA2200I 8 SALIDAS,TECNOLOGIA,Unidades,,1,0, No Tax, inclusive,ACCESORIOSCOMPU,,,,,,,
110,UPS 3000VA /2400W FORZA ATLAS FDC-003KU 6 TOMAS,TECNOLOGIA,Unidades,,1,0, No Tax, inclusive,ACCESORIOSCOMPU,,,,,,,
111,UPS 500VA /250W FORZA NT-502U 4TOMAS,TECNOLOGIA,Unidades,,1,0, No Tax, inclusive,ACCESORIOSCOMPU,,,,,,,
112,UPS 750VA /375W FORZA NT-762U 4TOMAS,TECNOLOGIA,Unidades,,1,0, No Tax, inclusive,ACCESORIOSCOMPU,,,,,,,
113,UPS 800VA /480W APC BACK BX800CI-MS 6 SALIDAS AVR 230V,TECNOLOGIA,Unidades,,1,0, No Tax, inclusive,ACCESORIOSCOMPU,,,,,,,
114,UPS FORZA ATLAS 1.5K 1500VA/1350W 220V 40-70HZ MOD:FDC-1502R ,TECNOLOGIA,Unidades,,1,0, No Tax, inclusive,ACCESORIOSCOMPU,,,,,,,
115,UPS FORZA ATLAS 3K 3000VA/2700W 220V 40-70HZ MOD:FDC-3002R ,TECNOLOGIA,Unidades,,1,0, No Tax, inclusive,ACCESORIOSCOMPU,,,,,,,
116,UPS FORZA FDC-1002T 1000VA / 800W 3 TOMAS 220V,TECNOLOGIA,Unidades,,1,0, No Tax, inclusive,ACCESORIOSCOMPU,,,,,,,
117,UPS FORZA FDC-2002T 2000VA / 1600W 4 TOMAS 220V,TECNOLOGIA,Unidades,,1,0, No Tax, inclusive,ACCESORIOSCOMPU,,,,,,,
118,UPS FORZA SL-1012 LCD-U 1000VA / 600W 8 TOMAS 220V,TECNOLOGIA,Unidades,,1,0, No Tax, inclusive,ACCESORIOSCOMPU,,,,,,,
119,USB 16GB KINGSTON DATA TRAVELER DTSE3 BLUE ,TECNOLOGIA,Unidades,,1,0, No Tax, inclusive,ACCESORIOSCOMPU,,,,,,,
120,USB 16GB KINGSTON DATA TRAVELER DTSE3 RED ,TECNOLOGIA,Unidades,,1,0, No Tax, inclusive,ACCESORIOSCOMPU,,,,,,,
121,USB 16GB KINGSTON DATA TRAVELER DTSE3 SILVER ,TECNOLOGIA,Unidades,,1,0, No Tax, inclusive,ACCESORIOSCOMPU,,,,,,,
122,USB 2GB,TECNOLOGIA,Unidades,,1,0, No Tax, inclusive,ACCESORIOSCOMPU,,,,,,,
123,USB 32GB KINGSTON DTSE9 G2 METAL USB 3.0 ,TECNOLOGIA,Unidades,,1,0, No Tax, inclusive,ACCESORIOSCOMPU,,,,,,,
124,USB 64GB KINGSTON DATA TRAVELER G4 USB 3.0 ,TECNOLOGIA,Unidades,,1,0, No Tax, inclusive,ACCESORIOSCOMPU,,,,,,,
125,USB 64GB KINGSTON DTSE9 G2 METAL USB 3.0 ,TECNOLOGIA,Unidades,,1,0, No Tax, inclusive,ACCESORIOSCOMPU,,,,,,,
126,USB 8GB ALTRON VW BEETLE ROSADO,TECNOLOGIA,Unidades,,1,0, No Tax, inclusive,ACCESORIOSCOMPU,,,,,,,
127,USB 8GB GO TOSHIBA TRANS MEMORY WHITE ,TECNOLOGIA,Unidades,,1,0, No Tax, inclusive,ACCESORIOSCOMPU,,,,,,,
128,USB 8GB MONSTER HIGH,TECNOLOGIA,Unidades,,1,0, No Tax, inclusive,ACCESORIOSCOMPU,,,,,,,
129,WEB CAM LOGITECH C170 BLACK,TECNOLOGIA,Unidades,,1,0, No Tax, inclusive,ACCESORIOSCOMPU,,,,,,,
130,WEB CAM LOGITECH C270 HD 3 MXP BLACK (PN 960-000694),TECNOLOGIA,Unidades,,1,0, No Tax, inclusive,ACCESORIOSCOMPU,,,,,,,
131,WEB CAM LOGITECH C525 HD BLACK,TECNOLOGIA,Unidades,,1,0, No Tax, inclusive,ACCESORIOSCOMPU,,,,,,,
132,WEB CAM MICROSOFT CINEMA HD USB (PN: H5D-00013),TECNOLOGIA,Unidades,,1,0, No Tax, inclusive,ACCESORIOSCOMPU,,,,,,,
133,WEB CAM MICROSOFT LIFECAM HD-3000,TECNOLOGIA,Unidades,,1,0, No Tax, inclusive,ACCESORIOSCOMPU,,,,,,,
134,WEB CAM MICROSOFT LIFECAM STUDIO BLACK (PN:Q2F-00013),TECNOLOGIA,Unidades,,1,0, No Tax, inclusive,ACCESORIOSCOMPU,,,,,,,
135, ADAPTADOR DE AUDIO BLUETOOTH LOGITECH BLACK,DIVERSOS,Unidades,,1,0, No Tax, inclusive,ADAPTADORES,,,,,,,
136,ADAPTADOR CABLE USB A SERIAL TRENDNET TU-S9,DIVERSOS,Unidades,,1,0, No Tax, inclusive,ADAPTADORES,,,,,,,
137,ADAPTADOR DE MINI DISPLAY PORT A DVI,DIVERSOS,Unidades,,1,0, No Tax, inclusive,ADAPTADORES,,,,,,,
138,AGUA CIELO 625ML,BEBIDAS,Unidades,,1,0, No Tax, inclusive,AGUA,,,,,,,
139,AGUA SAN CARLOS 630ML,BEBIDAS,Unidades,,1,0, No Tax, inclusive,AGUA,,,,,,,
140,AGUA SAN LUIS 525 ML,BEBIDAS,Unidades,,1,0, No Tax, inclusive,AGUA,,,,,,,
141,AGUA SAN MATEO 600ML,BEBIDAS,Unidades,,1,0, No Tax, inclusive,AGUA,,,,,,,
142,CABLE HDMI A MINI DE ALTA DEFINICION AOC 1.8 MTS (PN:AHDG06 MINI),DIVERSOS,Unidades,,1,0, No Tax, inclusive,CABLES,,,,,,,
143,CÁMARA BABY TRENDNET TV-IP743SIC / WIFI,TECNOLOGIA,Unidades,,1,0, No Tax, inclusive,CAMARAS,,,,,,,
144,CÁMARA DE VIGILANCIA DE RED HIKVISION EXTERIORES,TECNOLOGIA,Unidades,,1,0, No Tax, inclusive,CAMARAS,,,,,,,
145,CÁMARA DE VIGILANCIA IP DOMO HIKVISION EXTERIORES ,TECNOLOGIA,Unidades,,1,0, No Tax, inclusive,CAMARAS,,,,,,,
146,CÁMARA IP POWER LINE HD + DOMO KIT D-LINK DCS-6045LKT,TECNOLOGIA,Unidades,,1,0, No Tax, inclusive,CAMARAS,,,,,,,
147,CÁMARA IP WIFI D-LINK BABY CAM DCS-825L  CMOS IR HD 1280X720,TECNOLOGIA,Unidades,,1,0, No Tax, inclusive,CAMARAS,,,,,,,
148,CÁMARA IP WIFI D-LINK DCS-2132L CMOS ZOOM 10X INDOOR IR HD 1280X800 RJ-45 MCRO SD,TECNOLOGIA,Unidades,,1,0, No Tax, inclusive,CAMARAS,,,,,,,
149,CARGAR CELULARES ,SERVICIOS,Unidades,,1,, No Tax, inclusive,,,,,,,,
150,CÁMARA IP WIFI D-LINK DCS-5010L ZOOM 4X INDOOR IR 640X480 DÍA/NOCHE,TECNOLOGIA,Unidades,,1,0, No Tax, inclusive,CAMARAS,,,,,,,
151,CÁMARA IP WIFI D-LINK DCS-5020L ZOOM 4X IR 640X480 CMOS DIA/ NOCHE,TECNOLOGIA,Unidades,,1,0, No Tax, inclusive,CAMARAS,,,,,,,
152,CÁMARA IP WIFI D-LINK DCS-5222L ZOOM 4X HD 1280X720,TECNOLOGIA,Unidades,,1,0, No Tax, inclusive,CAMARAS,,,,,,,
153,CÁMARA IP WIFI D-LINK DCS-930L ZOOM 4X CMOS 640X480,TECNOLOGIA,Unidades,,1,0, No Tax, inclusive,CAMARAS,,,,,,,
154,CÁMARA IP WIFI D-LINK DCS-932L ZOOM 4X CMOS 640X480 DIA/ NOCHE,TECNOLOGIA,Unidades,,1,0, No Tax, inclusive,CAMARAS,,,,,,,
155,CÁMARA IP WIRELESS D-LINK DCS-942L DIA/NOCHE,TECNOLOGIA,Unidades,,1,0, No Tax, inclusive,CAMARAS,,,,,,,
156,GRABADOR PARA CÁMARAS IP D-LINK DNR-202L,TECNOLOGIA,Unidades,,1,0, No Tax, inclusive,CAMARAS,,,,,,,
157,GRABADOR PARA CÁMARAS IP D-LINK DNR-312L (G. LA MARCA-080000968),TECNOLOGIA,Unidades,,1,0, No Tax, inclusive,CAMARAS,,,,,,,
158,GRABADOR PARA CÁMARAS IP D-LINK DNR-322L 2 BAHIAS USB (G. LA MARCA-080000968),TECNOLOGIA,Unidades,,1,0, No Tax, inclusive,CAMARAS,,,,,,,
159,CARAMELO SUPER RELLENO,GOLOSINAS,Unidades,,1,0, No Tax, inclusive,CARAMELOS,,,,,,,
160,HALLS,GOLOSINAS,Unidades,,1,0, No Tax, inclusive,CARAMELOS,,,,,,,
161,CARD READER AVATEC INTERNO NEGRO,DIVERSOS,Unidades,,1,0, No Tax, inclusive,CARDREADERS,,,,,,,
162,CARD READER Y HUB 3 PUERTOS USB 2.0 KLIP,DIVERSOS,Unidades,,1,0, No Tax, inclusive,CARDREADERS,,,,,,,
163,CHICLE BOOGIE,GOLOSINAS,Unidades,,1,0, No Tax, inclusive,CHICLETS,,,,,,,
164,CHICLETS ADAMS,GOLOSINAS,Unidades,,1,0, No Tax, inclusive,CHICLETS,,,,,,,
165,BONOBON ,GOLOSINAS,Unidades,,1,0, No Tax, inclusive,CHOCOLATES,,,,,,,
166,CAÑONAZO,GOLOSINAS,Unidades,,1,0, No Tax, inclusive,CHOCOLATES,,,,,,,
167,CHOCMAN,GOLOSINAS,Unidades,,1,0, No Tax, inclusive,CHOCOLATES,,,,,,,
168,CHOCOLATE TRIANGULO,GOLOSINAS,Unidades,,1,0, No Tax, inclusive,CHOCOLATES,,,,,,,
169,GOLPE,GOLOSINAS,Unidades,,1,0, No Tax, inclusive,CHOCOLATES,,,,,,,
170,OLE OLE,GOLOSINAS,Unidades,,1,0, No Tax, inclusive,CHOCOLATES,,,,,,,
171,PRINCESA ,GOLOSINAS,Unidades,,1,0, No Tax, inclusive,CHOCOLATES,,,,,,,
172,SUBLIME,GOLOSINAS,Unidades,,1,0, No Tax, inclusive,CHOCOLATES,,,,,,,
173,TUYO,GOLOSINAS,Unidades,,1,0, No Tax, inclusive,CHOCOLATES,,,,,,,
174, CASE ANTRYX ELEGANT U BATTLESHIP C/300W ATX ,TECNOLOGIA,Unidades,,1,0, No Tax, inclusive,COMPONENTECOMPU,,,,,,,
175, CASE ANTRYX XTREME AENIC 450W USB 3.0 MID TOWER,TECNOLOGIA,Unidades,,1,0, No Tax, inclusive,COMPONENTECOMPU,,,,,,,
176, MOUSE WIRELESS GENIUS NX- 7000 RED ,TECNOLOGIA,Unidades,,1,0, No Tax, inclusive,COMPONENTECOMPU,,,,,,,
177,1GB PCI EXPRESS ASUS AMD RADEON R7 250 GDDR5 ,TECNOLOGIA,Unidades,,1,0, No Tax, inclusive,COMPONENTECOMPU,,,,,,,
178,1GB PCI EXPRESS EVGA GEFORCE 210 DDR3 DVIVGAHDMI,TECNOLOGIA,Unidades,,1,0, No Tax, inclusive,COMPONENTECOMPU,,,,,,,
179,1GB PCI EXPRESS EVGA GEFORCE GT710 DDR3 DVIVGAHDMI ,TECNOLOGIA,Unidades,,1,0, No Tax, inclusive,COMPONENTECOMPU,,,,,,,
180,1GB PCI EXPRESS GIGABYTE GEFORCE GT 740 OC DDR5,TECNOLOGIA,Unidades,,1,0, No Tax, inclusive,COMPONENTECOMPU,,,,,,,
181,2GB PCI EXP. GIGABYTE GEFORCE GTX 950 OC GDDR5 128 BITS,TECNOLOGIA,Unidades,,1,0, No Tax, inclusive,COMPONENTECOMPU,,,,,,,
182,2GB PCI EXPRESS GIGABYTE GEFORCE GT 420 DDR3 128 BIT,TECNOLOGIA,Unidades,,1,0, No Tax, inclusive,COMPONENTECOMPU,,,,,,,
183,2GB PCI EXPRESS GIGABYTE GEFORCE GT 730 DDR3 ,TECNOLOGIA,Unidades,,1,0, No Tax, inclusive,COMPONENTECOMPU,,,,,,,
184,2GB PCI EXPRESS GIGABYTE GEFORCE GTX 950 OC DDR5 128 BITS,TECNOLOGIA,Unidades,,1,0, No Tax, inclusive,COMPONENTECOMPU,,,,,,,
185,2GB PCI EXPRESS MSI GEFORCE GTX 950 GAMING DDR5 128BITS,TECNOLOGIA,Unidades,,1,0, No Tax, inclusive,COMPONENTECOMPU,,,,,,,
186,2GB PCI-EXPRESS EVGA GEFORCE GTX 950 SC GAMING DDR5 128BITS ,TECNOLOGIA,Unidades,,1,0, No Tax, inclusive,COMPONENTECOMPU,,,,,,,
187,2GB PCI-EXPRESS GIGABYTE GEFORCE GTX 750 TI OC DDR5 ,TECNOLOGIA,Unidades,,1,0, No Tax, inclusive,COMPONENTECOMPU,,,,,,,
188,4GB PCI EXP. ASUS TURBO GEFORCE GTX 960 GDDR5 128-BIT,TECNOLOGIA,Unidades,,1,0, No Tax, inclusive,COMPONENTECOMPU,,,,,,,
189,4GB PCI EXPRESS ASUS RADEON R9 380X GDDR5 ,TECNOLOGIA,Unidades,,1,0, No Tax, inclusive,COMPONENTECOMPU,,,,,,,
190,4GB PCI EXPRESS GIGABYTE RADEON R9 380X OC GDDR5 ,TECNOLOGIA,Unidades,,1,0, No Tax, inclusive,COMPONENTECOMPU,,,,,,,
191,4GB PCI-EXPRESS MSI RADEON R7 370 GAMING OC GDDR5,TECNOLOGIA,Unidades,,1,0, No Tax, inclusive,COMPONENTECOMPU,,,,,,,
192,CASE ANTRYX ELEGANT BLACK CHALLENGER C/350W ATX ,TECNOLOGIA,Unidades,,1,0, No Tax, inclusive,COMPONENTECOMPU,,,,,,,
193,CASE ANTRYX ELEGANT BLACK ELEMENT C/350W ATX,TECNOLOGIA,Unidades,,1,0, No Tax, inclusive,COMPONENTECOMPU,,,,,,,
194,CASE ANTRYX ELEGANT BLACK FLARE C/350W ATX ,TECNOLOGIA,Unidades,,1,0, No Tax, inclusive,COMPONENTECOMPU,,,,,,,
195,CASE ANTRYX ELEGANT U FLAMINGO 300W ATX,TECNOLOGIA,Unidades,,1,0, No Tax, inclusive,COMPONENTECOMPU,,,,,,,
196,CASE ANTRYX RX -310 BLACK USB 3.0 S/FUENTE ,TECNOLOGIA,Unidades,,1,0, No Tax, inclusive,COMPONENTECOMPU,,,,,,,
197,CASE ANTRYX RX -320 BLACK USB 3.0 S/FUENTE ,TECNOLOGIA,Unidades,,1,0, No Tax, inclusive,COMPONENTECOMPU,,,,,,,
198,CASE ANTRYX RX GAURO BLACK USB 3.0 S/FUENTE ,TECNOLOGIA,Unidades,,1,0, No Tax, inclusive,COMPONENTECOMPU,,,,,,,
199,CASE ANTRYX RX GAURO WHITE USB 3.0 S/FUENTE ,TECNOLOGIA,Unidades,,1,0, No Tax, inclusive,COMPONENTECOMPU,,,,,,,
200,CASE ANTRYX XTREME MYSTRI 450W USB 3.0 MID TOWER,TECNOLOGIA,Unidades,,1,0, No Tax, inclusive,COMPONENTECOMPU,,,,,,,
201,CASE ANTRYX XTREME SLIM VERON BLACK,TECNOLOGIA,Unidades,,1,0, No Tax, inclusive,COMPONENTECOMPU,,,,,,,
202,CASE ANTRYX XTREME SLIM XS-100 BLACK 300W M-ATX,TECNOLOGIA,Unidades,,1,0, No Tax, inclusive,COMPONENTECOMPU,,,,,,,
203,CASE ANTRYX XTREME XENOM 450W USB 3.0 MID TOWER,TECNOLOGIA,Unidades,,1,0, No Tax, inclusive,COMPONENTECOMPU,,,,,,,
204,CASE CM STORM STRYKER WHITE S/FUENTE USB 3.0,TECNOLOGIA,Unidades,,1,0, No Tax, inclusive,COMPONENTECOMPU,,,,,,,
205,CASE CM STORM TROOPER S/FUENTE USB 3.0,TECNOLOGIA,Unidades,,1,0, No Tax, inclusive,COMPONENTECOMPU,,,,,,,
206,CASE COOLER MASTER CM 690 III BLACK C/VENTANA,TECNOLOGIA,Unidades,,1,0, No Tax, inclusive,COMPONENTECOMPU,,,,,,,
207,CASE COOLER MASTER CM 690 III GREEN C/VENTANA,TECNOLOGIA,Unidades,,1,0, No Tax, inclusive,COMPONENTECOMPU,,,,,,,
208,CASE COOLER MASTER CM 690 III WHITE S/FUENTE ,TECNOLOGIA,Unidades,,1,0, No Tax, inclusive,COMPONENTECOMPU,,,,,,,
209,CASE COOLER MASTER COSMOS II S/FUENTE FULL TOWER,TECNOLOGIA,Unidades,,1,0, No Tax, inclusive,COMPONENTECOMPU,,,,,,,
210,CASE COOLER MASTER COSMOS SE C/ VENTANA,TECNOLOGIA,Unidades,,1,0, No Tax, inclusive,COMPONENTECOMPU,,,,,,,
211,CASE COOLER MASTER K350 SIN FUENTE USB 3.0 ,TECNOLOGIA,Unidades,,1,0, No Tax, inclusive,COMPONENTECOMPU,,,,,,,
212,CASE COOLER MASTER K380 USB 3.0 SIN FUENTE,TECNOLOGIA,Unidades,,1,0, No Tax, inclusive,COMPONENTECOMPU,,,,,,,
213,CASE COOLER MASTER MASTERCASE 5 PRO S/ FUENTE,TECNOLOGIA,Unidades,,1,0, No Tax, inclusive,COMPONENTECOMPU,,,,,,,
214,CASE COOLER MASTER MASTERCASE 5 S/FUENTE ,TECNOLOGIA,Unidades,,1,0, No Tax, inclusive,COMPONENTECOMPU,,,,,,,
215,CASE CORSAIR GRAPHITE 760T SIN FUENTE WHITE ,TECNOLOGIA,Unidades,,1,0, No Tax, inclusive,COMPONENTECOMPU,,,,,,,
216,CASE CORSAIR GRAPHITE 780T SIN FUENTE BLACK ,TECNOLOGIA,Unidades,,1,0, No Tax, inclusive,COMPONENTECOMPU,,,,,,,
217,CASE CORSAIR SPEC ALPHA SIN FUENTE BLACK/GRIS ,TECNOLOGIA,Unidades,,1,0, No Tax, inclusive,COMPONENTECOMPU,,,,,,,
218,CASE CORSAIR VENGEANCE C70 SIN FUENTE BLACK ,TECNOLOGIA,Unidades,,1,0, No Tax, inclusive,COMPONENTECOMPU,,,,,,,
219,CASE DATAONE APOLO 318BK 600W NEGRO,TECNOLOGIA,Unidades,,1,0, No Tax, inclusive,COMPONENTECOMPU,,,,,,,
220,CASE DATAONE ARGOS 465HBB NEG C/ AZUL C/FUENTE 600W C/SATA,TECNOLOGIA,Unidades,,1,0, No Tax, inclusive,COMPONENTECOMPU,,,,,,,
221,CASE HALION MERCURY 7330C ROJO C/FUENTE 350W REALES USB 3.0,TECNOLOGIA,Unidades,,1,0, No Tax, inclusive,COMPONENTECOMPU,,,,,,,
222,CASE INWIN DRAGON SLAYER USB 3.0 SIN FUENTE,TECNOLOGIA,Unidades,,1,0, No Tax, inclusive,COMPONENTECOMPU,,,,,,,
223,CASE NZXT GUARDIAN 912RB 3.0 BLUE SIN FUENTE MID TOWER ,TECNOLOGIA,Unidades,,1,0, No Tax, inclusive,COMPONENTECOMPU,,,,,,,
224,CASE NZXT H440 BLACK/BLUE USB 3.0 SIN FUENTE MID TOWER ,TECNOLOGIA,Unidades,,1,0, No Tax, inclusive,COMPONENTECOMPU,,,,,,,
225,CASE NZXT H440 MATTE BLACK/RED SIN FUENTE MID TOWER,TECNOLOGIA,Unidades,,1,0, No Tax, inclusive,COMPONENTECOMPU,,,,,,,
226,CASE NZXT H440 MID TOWER SIN FUENTE BLACK/GREEN USB 3.0 ,TECNOLOGIA,Unidades,,1,0, No Tax, inclusive,COMPONENTECOMPU,,,,,,,
227,CASE NZXT H440 WHITE/BLACK USB 3.0 SIN FUENTE MID TOWER ,TECNOLOGIA,Unidades,,1,0, No Tax, inclusive,COMPONENTECOMPU,,,,,,,
228,CASE NZXT NOCTIS 450 BK/RED,TECNOLOGIA,Unidades,,1,0, No Tax, inclusive,COMPONENTECOMPU,,,,,,,
229,CASE NZXT NOCTIS 450 BK/WH SIN FUENTE ,TECNOLOGIA,Unidades,,1,0, No Tax, inclusive,COMPONENTECOMPU,,,,,,,
230,CASE NZXT PHANTOM 820 MID TOWER SIN FUENTE BLANCO ,TECNOLOGIA,Unidades,,1,0, No Tax, inclusive,COMPONENTECOMPU,,,,,,,
231,CASE NZXT S340 RAZER BLACK/GREEN USB 3.0 SIN FUENTE MID TOWER ,TECNOLOGIA,Unidades,,1,0, No Tax, inclusive,COMPONENTECOMPU,,,,,,,
232,CASE THERMALTAKE CORE P5 USB 2.0 + USB 3.0 BLACK,TECNOLOGIA,Unidades,,1,0, No Tax, inclusive,COMPONENTECOMPU,,,,,,,
233,CASE THERMALTAKE VERSA H25 USB 3.0 + FUENTE 600W ,TECNOLOGIA,Unidades,,1,0, No Tax, inclusive,COMPONENTECOMPU,,,,,,,
234,COOLER CASE ANTRYX XTREME FLOW 120MM 1200RPM BLUE LED,TECNOLOGIA,Unidades,,1,0, No Tax, inclusive,COMPONENTECOMPU,,,,,,,
235,COOLER CASE ANTRYX XTREME FLOW 120MM 1200RPM LED RED,TECNOLOGIA,Unidades,,1,0, No Tax, inclusive,COMPONENTECOMPU,,,,,,,
236,COOLER CASE COOLER MASTER SICKLEFLOW 120 2000RPM LED RED,TECNOLOGIA,Unidades,,1,0, No Tax, inclusive,COMPONENTECOMPU,,,,,,,
237,COOLER CASE COOLER MASTER SICKLEFLOW 120MM BLUE LED 2000RPM,TECNOLOGIA,Unidades,,1,0, No Tax, inclusive,COMPONENTECOMPU,,,,,,,
238,COOLER COOLER MASTER PARA PROCESADOR HYPER T2 (PN:CRR-HT2-28PK-R1),TECNOLOGIA,Unidades,,1,0, No Tax, inclusive,COMPONENTECOMPU,,,,,,,
239,COOLER CPU COOLER MASTER 7E52A AMD AM2 - AM3 65W,TECNOLOGIA,Unidades,,1,0, No Tax, inclusive,COMPONENTECOMPU,,,,,,,
240,COOLER CPU COOLER MASTER LGA 775 ESTANDAR 95W,TECNOLOGIA,Unidades,,1,0, No Tax, inclusive,COMPONENTECOMPU,,,,,,,
241,COOLER CPU COOLER MASTER TPC 812 AMD - INTEL,TECNOLOGIA,Unidades,,1,0, No Tax, inclusive,COMPONENTECOMPU,,,,,,,
242,COOLER CPU COOLER MASTER V8 GTS AMD - INTEL,TECNOLOGIA,Unidades,,1,0, No Tax, inclusive,COMPONENTECOMPU,,,,,,,
243,COOLER DE CASE COOLER MASTER 12 X 12 CM,TECNOLOGIA,Unidades,,1,0, No Tax, inclusive,COMPONENTECOMPU,,,,,,,
244,COOLER DE CASE NZXT 120MM RED LED 120 X 120 X 25MM,TECNOLOGIA,Unidades,,1,0, No Tax, inclusive,COMPONENTECOMPU,,,,,,,
245,COOLER MASTER PARA PROCESADOR INTEL LGA 1156/1155/1150 ,TECNOLOGIA,Unidades,,1,0, No Tax, inclusive,COMPONENTECOMPU,,,,,,,
246,COOLER NB COOLER MASTER NOTEPAL I100 PINK,TECNOLOGIA,Unidades,,1,0, No Tax, inclusive,COMPONENTECOMPU,,,,,,,
247,COOLER NOTEBOOK COOLER MASTER NOTEPAL ERGOSTAND III ,TECNOLOGIA,Unidades,,1,0, No Tax, inclusive,COMPONENTECOMPU,,,,,,,
248,COOLER NOTEBOOK COOLER MASTER NOTEPAL ERGOSTAND LITE,TECNOLOGIA,Unidades,,1,0, No Tax, inclusive,COMPONENTECOMPU,,,,,,,
249,COOLER P/ SISTEMA OMEGA,TECNOLOGIA,Unidades,,1,0, No Tax, inclusive,COMPONENTECOMPU,,,,,,,
250,COOLER PARA PROCESADOR COOLER MASTER MASTERAIR MAKER 8,TECNOLOGIA,Unidades,,1,0, No Tax, inclusive,COMPONENTECOMPU,,,,,,,
251,COOLER PARA PROCESADOR LIQUIDO CORSAIR H60 BLACK ,TECNOLOGIA,Unidades,,1,0, No Tax, inclusive,COMPONENTECOMPU,,,,,,,
252,DISCO DURO 2.5 TOSHIBA 1TB SATA L200 5400RPM BOX MOD:HDWJ110XZSTA",TECNOLOGIA,Unidades,,1,0, No Tax, inclusive,COMPONENTECOMPU,,,,,,,
253,DISCO DURO 2.5 TOSHIBA L200 500GB SATA 5400RPM BOX MOD:HDWJ105XZSTA",TECNOLOGIA,Unidades,,1,0, No Tax, inclusive,COMPONENTECOMPU,,,,,,,
254,DISCO DURO 2.5 USB 3.0 1TB SEAGATE BACKUP PLUS SLIM BLACK,TECNOLOGIA,Unidades,,1,0, No Tax, inclusive,COMPONENTECOMPU,,,,,,,
255,DISCO DURO 3.5 USB 3.0 3TB SEAGATE EXPANSION,TECNOLOGIA,Unidades,,1,0, No Tax, inclusive,COMPONENTECOMPU,,,,,,,
256,DISCO DURO EXTERNO 1TB ADATA HD650 NEGRO USB 3.0,TECNOLOGIA,Unidades,,1,0, No Tax, inclusive,COMPONENTECOMPU,,,,,,,
257,DISCO DURO EXTERNO 1TB ADATA HD650 ROJO USB 3.0,TECNOLOGIA,Unidades,,1,0, No Tax, inclusive,COMPONENTECOMPU,,,,,,,
258,DISCO DURO EXTERNO 1TB SEAGATE 2.5 EXPANSION PORTABLE ",TECNOLOGIA,Unidades,,1,0, No Tax, inclusive,COMPONENTECOMPU,,,,,,,
259,DISCO DURO EXTERNO 2TB SEAGATE 2.5 EXPANSION PORTABLE ",TECNOLOGIA,Unidades,,1,0, No Tax, inclusive,COMPONENTECOMPU,,,,,,,
260,DISCO DURO EXTERNO 2TB SEAGATE BACKUP PLUS SLIM 2.5 USB 3.0 BLACK ",TECNOLOGIA,Unidades,,1,0, No Tax, inclusive,COMPONENTECOMPU,,,,,,,
261,DISCO DURO EXTERNO 3TB TOSHIBA 2.5 USB 3.0 CANVIO CONNECT II BLACK ",TECNOLOGIA,Unidades,,1,0, No Tax, inclusive,COMPONENTECOMPU,,,,,,,
262,DISCO DURO EXTERNO 5TB SEAGATE EXPANSION 3.5 USB 3.0 ",TECNOLOGIA,Unidades,,1,0, No Tax, inclusive,COMPONENTECOMPU,,,,,,,
263,DISCO DURO EXTERNO MY CLOUD 4TB ETHERNET/USB3 ,TECNOLOGIA,Unidades,,1,0, No Tax, inclusive,COMPONENTECOMPU,,,,,,,
264,DISCO DURO SEAGATE 1TB SATA3 64MB 7200 RPM,TECNOLOGIA,Unidades,,1,0, No Tax, inclusive,COMPONENTECOMPU,,,,,,,
265,DISCO DURO SEAGATE 2TB SATA3 64MB 7200 RPM,TECNOLOGIA,Unidades,,1,0, No Tax, inclusive,COMPONENTECOMPU,,,,,,,
266,DISCO DURO SEAGATE 3TB SATA3 64MB 7200 RPM,TECNOLOGIA,Unidades,,1,0, No Tax, inclusive,COMPONENTECOMPU,,,,,,,
267,DISCO DURO SEAGATE 4TB SATA3 6GB/S 64MB 3.5,TECNOLOGIA,Unidades,,1,0, No Tax, inclusive,COMPONENTECOMPU,,,,,,,
268,DISCO DURO SEAGATE 500GB SATA 3GB/S 8MB 5900RPM PIPELINE,TECNOLOGIA,Unidades,,1,0, No Tax, inclusive,COMPONENTECOMPU,,,,,,,
269,DISCO DURO SOLIDO ADATA PREMIER SP550 120GB SATA 6GB/S 2.5 ",TECNOLOGIA,Unidades,,1,0, No Tax, inclusive,COMPONENTECOMPU,,,,,,,
270,DISCO DURO SOLIDO ADATA PREMIER SP550 240GB SATA 6GB/S 2.5 ",TECNOLOGIA,Unidades,,1,0, No Tax, inclusive,COMPONENTECOMPU,,,,,,,
271,DISCO DURO SOLIDO CRUCIAL BX200 480 GB ,TECNOLOGIA,Unidades,,1,0, No Tax, inclusive,COMPONENTECOMPU,,,,,,,
272,DISCO DURO SOLIDO KINGSTON SSDNOW UV400 120 GB 2.5 SATA ,TECNOLOGIA,Unidades,,1,0, No Tax, inclusive,COMPONENTECOMPU,,,,,,,
273,DISCO DURO SSD 120GB KINGSTON HYPERX FURY BLACK SATA3 2.5,TECNOLOGIA,Unidades,,1,0, No Tax, inclusive,COMPONENTECOMPU,,,,,,,
274,DISCO DURO SSD 120GB KINGSTON HYPERX SAVAGE SATA3 2.5,TECNOLOGIA,Unidades,,1,0, No Tax, inclusive,COMPONENTECOMPU,,,,,,,
275,DISCO DURO SSD 120GB KINGSTON HYPERX SAVAGE SATA3 2.5 KIT,TECNOLOGIA,Unidades,,1,0, No Tax, inclusive,COMPONENTECOMPU,,,,,,,
276,DISCO DURO SSD 120GB KINGSTON SSDNOW 300 SATA3 2.5,TECNOLOGIA,Unidades,,1,0, No Tax, inclusive,COMPONENTECOMPU,,,,,,,
277,DISCO DURO SSD 240GB KINGSTON HYPERX FURY BLACK SATA3 2.5,TECNOLOGIA,Unidades,,1,0, No Tax, inclusive,COMPONENTECOMPU,,,,,,,
278,DISCO DURO SSD 240GB KINGSTON HYPERX SAVAGE SATA3 2.5,TECNOLOGIA,Unidades,,1,0, No Tax, inclusive,COMPONENTECOMPU,,,,,,,
279,DISCO DURO SSD 240GB KINGSTON SSDNOW V300 SATA3 KIT DESKTOP,TECNOLOGIA,Unidades,,1,0, No Tax, inclusive,COMPONENTECOMPU,,,,,,,
280,DISCO DURO SSD 240GB KINGSTON SSDNOW V300 SATA3 2.5,TECNOLOGIA,Unidades,,1,0, No Tax, inclusive,COMPONENTECOMPU,,,,,,,
281,DISCO DURO SSD 480GB KINGSTON SSDNOW V300 SATA3 2.5,TECNOLOGIA,Unidades,,1,0, No Tax, inclusive,COMPONENTECOMPU,,,,,,,
282,DISCO DURO SSD MSATA 32GB ADATA SP300 2.5 SATA3,TECNOLOGIA,Unidades,,1,0, No Tax, inclusive,COMPONENTECOMPU,,,,,,,
283,DISCO DURO SSD MSATA 64GB ADATA SX300 2.5,TECNOLOGIA,Unidades,,1,0, No Tax, inclusive,COMPONENTECOMPU,,,,,,,
284,DISCO DURO TOSHIBA 1TB SATA 6GB/S 32MB 7200 RPM,TECNOLOGIA,Unidades,,1,0, No Tax, inclusive,COMPONENTECOMPU,,,,,,,
285,DISCO DURO TOSHIBA 500GB SATA3 6GB/S 7200 RPM MOD:DT01ACA050,TECNOLOGIA,Unidades,,1,0, No Tax, inclusive,COMPONENTECOMPU,,,,,,,
286,DISCO DURO WD BLACK 1TB SATA3 6GB/S 64MB 7200RPM,TECNOLOGIA,Unidades,,1,0, No Tax, inclusive,COMPONENTECOMPU,,,,,,,
287,DISCO DURO WD BLACK 2TB SATA3 / 64MB 7200RPM,TECNOLOGIA,Unidades,,1,0, No Tax, inclusive,COMPONENTECOMPU,,,,,,,
288,DISCO DURO WD BLACK 3TB SATA3 / 64MB 7200RPM,TECNOLOGIA,Unidades,,1,0, No Tax, inclusive,COMPONENTECOMPU,,,,,,,
289,DISCO DURO WD BLUE 1TB SATA3 6GB/S 64MB 7200RPM,TECNOLOGIA,Unidades,,1,0, No Tax, inclusive,COMPONENTECOMPU,,,,,,,
290,DISCO DURO WD ENTERPRISE - CLASS 3TB SATA 3 /S 64MB 7200RPM,TECNOLOGIA,Unidades,,1,0, No Tax, inclusive,COMPONENTECOMPU,,,,,,,
291,DISCO DURO WD GREEN 2TB SATA3 6GB/S 64MB,TECNOLOGIA,Unidades,,1,0, No Tax, inclusive,COMPONENTECOMPU,,,,,,,
292,DISCO DURO WD MY CLOUD 2TB ETHERNET GIGABIT USB3,TECNOLOGIA,Unidades,,1,0, No Tax, inclusive,COMPONENTECOMPU,,,,,,,
293,DISCO DURO WD MY CLOUD 3TB ETHERNET GIGABIT USB3,TECNOLOGIA,Unidades,,1,0, No Tax, inclusive,COMPONENTECOMPU,,,,,,,
294,DISCO DURO WD PURPURA 1TB SATA3 6GB/S 64MB,TECNOLOGIA,Unidades,,1,0, No Tax, inclusive,COMPONENTECOMPU,,,,,,,
295,DISCO DURO WD PURPURA 2TB SATA3 6GB/S 64MB,TECNOLOGIA,Unidades,,1,0, No Tax, inclusive,COMPONENTECOMPU,,,,,,,
296,DISCO DURO WD PURPURA 4TB SATA3 6GB/S 64MB 24X7,TECNOLOGIA,Unidades,,1,0, No Tax, inclusive,COMPONENTECOMPU,,,,,,,
297,DISCO DURO WESTERN DIGITAL BLUE 1TB SATA3 2.5 5400 RPM ",TECNOLOGIA,Unidades,,1,0, No Tax, inclusive,COMPONENTECOMPU,,,,,,,
298,DISCO DURO WESTERN DIGITAL BLUE 2TB SATA 6GB/S 64MB MOD: WD20EZRZ,TECNOLOGIA,Unidades,,1,0, No Tax, inclusive,COMPONENTECOMPU,,,,,,,
299,DISCO DURO WESTERN DIGITAL BLUE 500GB SATA3 / 32 MB 7200RPM MOD: WD5000AZLX,TECNOLOGIA,Unidades,,1,0, No Tax, inclusive,COMPONENTECOMPU,,,,,,,
300,FUENTE ANTRY B450W ATX 2.3 BOX,TECNOLOGIA,Unidades,,1,0, No Tax, inclusive,COMPONENTECOMPU,,,,,,,
301,FUENTE ANTRY XTREME PRO XP550W ,TECNOLOGIA,Unidades,,1,0, No Tax, inclusive,COMPONENTECOMPU,,,,,,,
302,FUENTE ANTRY XTREME PRO XP650W,TECNOLOGIA,Unidades,,1,0, No Tax, inclusive,COMPONENTECOMPU,,,,,,,
303,FUENTE COOLER MASTER B500 V.2 500W 80 PLUS,TECNOLOGIA,Unidades,,1,0, No Tax, inclusive,COMPONENTECOMPU,,,,,,,
304,FUENTE COOLER MASTER B600 VER.2 600W 80 PLUS,TECNOLOGIA,Unidades,,1,0, No Tax, inclusive,COMPONENTECOMPU,,,,,,,
305,FUENTE COOLER MASTER B700W VER.2 80 PLUS ,TECNOLOGIA,Unidades,,1,0, No Tax, inclusive,COMPONENTECOMPU,,,,,,,
306,FUENTE COOLER MASTER ELITE 460W OEM,TECNOLOGIA,Unidades,,1,0, No Tax, inclusive,COMPONENTECOMPU,,,,,,,
307,FUENTE COOLER MASTER GX CM STORM 650W 80 PLUS BRONZE,TECNOLOGIA,Unidades,,1,0, No Tax, inclusive,COMPONENTECOMPU,,,,,,,
308,FUENTE COOLER MASTER VSERIES V1000W 80 PLUS GOLD MODULAR,TECNOLOGIA,Unidades,,1,0, No Tax, inclusive,COMPONENTECOMPU,,,,,,,
309,FUENTE COOLER MASTER VSERIES V850W 80 PLUS GOLD MODULAR ,TECNOLOGIA,Unidades,,1,0, No Tax, inclusive,COMPONENTECOMPU,,,,,,,
310,FUENTE CORSAIR 650W BLACK 80 PLUS BRONZE ,TECNOLOGIA,Unidades,,1,0, No Tax, inclusive,COMPONENTECOMPU,,,,,,,
311,FUENTE CORSAIR CX750W BLACK 80 PLUS BRONZE ,TECNOLOGIA,Unidades,,1,0, No Tax, inclusive,COMPONENTECOMPU,,,,,,,
312,FUENTE DE PODER NZXT HALE82 V2 550W WHITEMODULAR 80 PLUS BRONZE,TECNOLOGIA,Unidades,,1,0, No Tax, inclusive,COMPONENTECOMPU,,,,,,,
313,FUENTE EVGA POWER SUPPLY 400W 80 PLUS,TECNOLOGIA,Unidades,,1,0, No Tax, inclusive,COMPONENTECOMPU,,,,,,,
314,FUENTE EVGA POWER SUPPLY 430W 80 PLUS ,TECNOLOGIA,Unidades,,1,0, No Tax, inclusive,COMPONENTECOMPU,,,,,,,
315,FUENTE EVGA POWER SUPPLY 600B BRONZE 6400W 80 PLUS,TECNOLOGIA,Unidades,,1,0, No Tax, inclusive,COMPONENTECOMPU,,,,,,,
316,FUENTE EVGA POWER SUPPLY 600W 80 PLUS WHITE ,TECNOLOGIA,Unidades,,1,0, No Tax, inclusive,COMPONENTECOMPU,,,,,,,
317,FUENTE EVGA POWER SUPPLY SUPERNOVA 1000W 80 PLUS,TECNOLOGIA,Unidades,,1,0, No Tax, inclusive,COMPONENTECOMPU,,,,,,,
318,FUENTE MODULAR CORSAIR CS850M 80 PLUS GOLD ATX 240V ,TECNOLOGIA,Unidades,,1,0, No Tax, inclusive,COMPONENTECOMPU,,,,,,,
319,FUENTE SEASONIC X 1050W MODULAR 80 PLUS GOLD,TECNOLOGIA,Unidades,,1,0, No Tax, inclusive,COMPONENTECOMPU,,,,,,,
320,GRABADOR BLU-RAY INTERNO LG BH16NS40 SATA (G. LG),TECNOLOGIA,Unidades,,1,0, No Tax, inclusive,COMPONENTECOMPU,,,,,,,
321,GRABADOR BLU-RAY LG BH14NS40 SATA OEM BLACK,TECNOLOGIA,Unidades,,1,0, No Tax, inclusive,COMPONENTECOMPU,,,,,,,
322,GRABADOR IP NVR HIKVISION 4 PUERTOS POE MINI (PN:DS7104NI-SN/P ),TECNOLOGIA,Unidades,,1,0, No Tax, inclusive,COMPONENTECOMPU,,,,,,,
323,GRABADOR IP NVR HIKVISION 8 PUERTOS POE MINI (PN:DS7108I-SN/P ),TECNOLOGIA,Unidades,,1,0, No Tax, inclusive,COMPONENTECOMPU,,,,,,,
324,GRABADOR LG EXTERNO BLU-RAY SLIM USB BP50NB40,TECNOLOGIA,Unidades,,1,0, No Tax, inclusive,COMPONENTECOMPU,,,,,,,
325,MB ASUS 970 PRO GAMING/ AURA C/ SONIDO-RED DDR3 SOCKET AM3+,TECNOLOGIA,Unidades,,1,0, No Tax, inclusive,COMPONENTECOMPU,,,,,,,
326,MB ASUS B150M-A C/VIDEO-SONIDO-RED DDR4 SOCKET LGA 1151,TECNOLOGIA,Unidades,,1,0, No Tax, inclusive,COMPONENTECOMPU,,,,,,,
327,MB ASUS B150-PRO C/VIDEO-SONIDO-RED DDR4 SOCKET LGA 1151,TECNOLOGIA,Unidades,,1,0, No Tax, inclusive,COMPONENTECOMPU,,,,,,,
328,MB ASUS CROSSBLADE RANGER C/ VIDEO SONIDO RED DDR3 SOCKET FM2+,TECNOLOGIA,Unidades,,1,0, No Tax, inclusive,COMPONENTECOMPU,,,,,,,
329,MB ASUS H110M-A C/VIDEO- SONIDO-RED DDR4 LGA 1151,TECNOLOGIA,Unidades,,1,0, No Tax, inclusive,COMPONENTECOMPU,,,,,,,
330,MB ASUS H110M-A D3 C/VIDEO- SONIDO-RED DDR3 LGA 1151,TECNOLOGIA,Unidades,,1,0, No Tax, inclusive,COMPONENTECOMPU,,,,,,,
331,MB ASUS SABERTOOTH Z170 MARK 1 C/ SONIDO RED DDR4 LGA 1151,TECNOLOGIA,Unidades,,1,0, No Tax, inclusive,COMPONENTECOMPU,,,,,,,
332,MB ASUS Z170-A C/ VIDEO-SONIDO-RED DDR4 LGA 1151,TECNOLOGIA,Unidades,,1,0, No Tax, inclusive,COMPONENTECOMPU,,,,,,,
333,MB ASUS Z170-E C/ VIDEO- SONIDO-RED DDR4 LGA 1151,TECNOLOGIA,Unidades,,1,0, No Tax, inclusive,COMPONENTECOMPU,,,,,,,
334,MB ASUS Z170-P C/ SONIDO-VIDEOREDHDMIDVI-D DDR4 LGA 1151,TECNOLOGIA,Unidades,,1,0, No Tax, inclusive,COMPONENTECOMPU,,,,,,,
335,MB GIGABYTE B150M-DS3H C/VIDEO- SONIDO-RED DDR3 LGA 1151,TECNOLOGIA,Unidades,,1,0, No Tax, inclusive,COMPONENTECOMPU,,,,,,,
336,MB GIGABYTE G1.SNIPER B7 C/ SONIDO-RED DDR4 LGA 1151,TECNOLOGIA,Unidades,,1,0, No Tax, inclusive,COMPONENTECOMPU,,,,,,,
337,MB GIGABYTE GA- X150M-PLUS WS C/ SONIDO-RED DDR4 USB 3.0 SOCKET 1151,TECNOLOGIA,Unidades,,1,0, No Tax, inclusive,COMPONENTECOMPU,,,,,,,
338,MB GIGABYTE GA- X150-PLUS WS C/ SONIDO-RED DDR4 USB 3.0 SOCKET 1151,TECNOLOGIA,Unidades,,1,0, No Tax, inclusive,COMPONENTECOMPU,,,,,,,
339,MB GIGABYTE GA-78LMT-USB3 C/ VIDEO-SONIDO-RED DDR3 SOCKET AM3+,TECNOLOGIA,Unidades,,1,0, No Tax, inclusive,COMPONENTECOMPU,,,,,,,
340,MB GIGABYTE GA-970-GAMING C/SONIDO-RED DDR3 SOCKET AM3 + USB 3.1,TECNOLOGIA,Unidades,,1,0, No Tax, inclusive,COMPONENTECOMPU,,,,,,,
341,MB GIGABYTE GA-990FXA-UD3 R5 C/SONIDO-RED DDR3 SOCKET AM3 +,TECNOLOGIA,Unidades,,1,0, No Tax, inclusive,COMPONENTECOMPU,,,,,,,
342,MB GIGABYTE GA-H110M-H C/VIDEO- SONIDO-RED DDR4 LGA 1151,TECNOLOGIA,Unidades,,1,0, No Tax, inclusive,COMPONENTECOMPU,,,,,,,
343,MB GIGABYTE GA-H170-GAMING3 C/ VIDEO-SONIDO-RED DDR4 SOCKET 1151,TECNOLOGIA,Unidades,,1,0, No Tax, inclusive,COMPONENTECOMPU,,,,,,,
344,MB GIGABYTE GA-Z170MX - GAMING 5 C/ VIDEO-SONIDO-RED DDR4 LGA1151,TECNOLOGIA,Unidades,,1,0, No Tax, inclusive,COMPONENTECOMPU,,,,,,,
345,MB GIGABYTE GA-Z170X - GAMING 3 C/ VIDEO- SONIDO-RED DDR4 LGA1151,TECNOLOGIA,Unidades,,1,0, No Tax, inclusive,COMPONENTECOMPU,,,,,,,
346,MB GIGABYTE GA-Z170X - GAMING 6 C/ SONIDO-RED DDR4 LGA1151,TECNOLOGIA,Unidades,,1,0, No Tax, inclusive,COMPONENTECOMPU,,,,,,,
347,MB GIGABYTE GA-Z170X - GAMING 7 C/ SONIDO-RED DDR4 LGA1151,TECNOLOGIA,Unidades,,1,0, No Tax, inclusive,COMPONENTECOMPU,,,,,,,
348,MB GIGABYTE GA-Z170X - GAMING GT C/ SONIDO-RED DDR4 LGA1151,TECNOLOGIA,Unidades,,1,0, No Tax, inclusive,COMPONENTECOMPU,,,,,,,
349,MB GIGABYTE GA-Z170XP- SLI C/ VIDEO- SONIDO-RED DDR4 LGA1151,TECNOLOGIA,Unidades,,1,0, No Tax, inclusive,COMPONENTECOMPU,,,,,,,
350,MB GIGABYTE H110M-H DDR3 C/VIDEO- SONIDO-RED DDR3 LGA 1151,TECNOLOGIA,Unidades,,1,0, No Tax, inclusive,COMPONENTECOMPU,,,,,,,
351,MB JEGY X58-MLY INTEL C/SONIDO/RED LGA1366 DDR3,TECNOLOGIA,Unidades,,1,0, No Tax, inclusive,COMPONENTECOMPU,,,,,,,
352,MB MSI 970A-G43 PLUS C/SONIDO- RED DDR3 SOCKET AM3+ ATX,TECNOLOGIA,Unidades,,1,0, No Tax, inclusive,COMPONENTECOMPU,,,,,,,
353,MB MSI A68HM-E33 V2 C/ VIDEO-SONIDO-RED DDR3 SOCKET FM2+,TECNOLOGIA,Unidades,,1,0, No Tax, inclusive,COMPONENTECOMPU,,,,,,,
354,MB MSI A88XM GAMING C/ VIDEO-SONIDO-RED DDR3 SOCKET FM2+,TECNOLOGIA,Unidades,,1,0, No Tax, inclusive,COMPONENTECOMPU,,,,,,,
355,MB MSI B150M PRO-VDH C/VIDEO-SONIDO-RED DDR4 SOCKET LGA 1151,TECNOLOGIA,Unidades,,1,0, No Tax, inclusive,COMPONENTECOMPU,,,,,,,
356,MB MSI B85M-G43 C/ VIDEO-SONIDO-RED DDR3 S.LGA 1150,TECNOLOGIA,Unidades,,1,0, No Tax, inclusive,COMPONENTECOMPU,,,,,,,
357,MB MSI H110M GAMING C/ VIDEO-SONIDO-RED DDR4 LGA 1151,TECNOLOGIA,Unidades,,1,0, No Tax, inclusive,COMPONENTECOMPU,,,,,,,
358,MB MSI H110M PRO- VH C/VIDEO-SONIDO-RED DDR4 LGA 1151 VGA HDMI M-ATX,TECNOLOGIA,Unidades,,1,0, No Tax, inclusive,COMPONENTECOMPU,,,,,,,
359,MB MSI H61M-P31/W8 C/VIDEO SONIDO RED DDR3 LGA 1155,TECNOLOGIA,Unidades,,1,0, No Tax, inclusive,COMPONENTECOMPU,,,,,,,
360,MB MSI Z170A GAMING M3 C/ SONIDO-RED DDR4 LGA 1151,TECNOLOGIA,Unidades,,1,0, No Tax, inclusive,COMPONENTECOMPU,,,,,,,
361,MB MSI Z170A GAMING M7 C/ SONIDO-RED DDR4 SOCKET 1151,TECNOLOGIA,Unidades,,1,0, No Tax, inclusive,COMPONENTECOMPU,,,,,,,
362,MB MSI Z170A GAMING PRO CARBON C/ SONIDO-RED DDR4 LGA1151,TECNOLOGIA,Unidades,,1,0, No Tax, inclusive,COMPONENTECOMPU,,,,,,,
363,MB MSI Z170A SLI PLUS C/ VIDEO- SONIDO-RED DDR4 LGA1151,TECNOLOGIA,Unidades,,1,0, No Tax, inclusive,COMPONENTECOMPU,,,,,,,
364,MB MSI Z170A TOMAHAWK AC C/ SONIDO-RED DDR4 LGA1151,TECNOLOGIA,Unidades,,1,0, No Tax, inclusive,COMPONENTECOMPU,,,,,,,
365,MEMORIA A-DATA 128GB MICRO SDHC,TECNOLOGIA,Unidades,,1,0, No Tax, inclusive,COMPONENTECOMPU,,,,,,,
366,MEMORIA A-DATA 16GB MICRO SDHC,TECNOLOGIA,Unidades,,1,0, No Tax, inclusive,COMPONENTECOMPU,,,,,,,
367,MEMORIA A-DATA 32GB MICRO SDHC,TECNOLOGIA,Unidades,,1,0, No Tax, inclusive,COMPONENTECOMPU,,,,,,,
368,MEMORIA A-DATA 4GB MICRO SDHC,TECNOLOGIA,Unidades,,1,0, No Tax, inclusive,COMPONENTECOMPU,,,,,,,
369,MEMORIA A-DATA 8GB MICRO SDHC,TECNOLOGIA,Unidades,,1,0, No Tax, inclusive,COMPONENTECOMPU,,,,,,,
370,MEMORIA ADATA DDR3 8GB BUS 1333 MHZ,TECNOLOGIA,Unidades,,1,0, No Tax, inclusive,COMPONENTECOMPU,,,,,,,
371,MEMORIA DDR3 4GB 1600MHZ CORSAIR VALUE SELECT 4GB DDR3 1600 MHZ CL11 1.5V,TECNOLOGIA,Unidades,,1,0, No Tax, inclusive,COMPONENTECOMPU,,,,,,,
372,MEMORIA DDR3 4GB 1600MHZ CORSAIR XMS3 CL11 1.5V,TECNOLOGIA,Unidades,,1,0, No Tax, inclusive,COMPONENTECOMPU,,,,,,,
373,MEMORIA DDR3 4GB 1600MHZ KINGSTON 1.35V,TECNOLOGIA,Unidades,,1,0, No Tax, inclusive,COMPONENTECOMPU,,,,,,,
374,MEMORIA DDR3 4GB 1600MHZ KINGSTON HYPERX FURY BLUE,TECNOLOGIA,Unidades,,1,0, No Tax, inclusive,COMPONENTECOMPU,,,,,,,
375,MEMORIA DDR3 4GB 1600MHZ PATRIOT C/DISIPADOR,TECNOLOGIA,Unidades,,1,0, No Tax, inclusive,COMPONENTECOMPU,,,,,,,
376,MEMORIA DDR3 4GB 1866MHZ CRUCIAL BALLISTIX TACTICAL TRACER CL9 1.5V,TECNOLOGIA,Unidades,,1,0, No Tax, inclusive,COMPONENTECOMPU,,,,,,,
377,MEMORIA DDR3 4GB 1866MHZ KINGSTON HYPER X FURY RED,TECNOLOGIA,Unidades,,1,0, No Tax, inclusive,COMPONENTECOMPU,,,,,,,
378,MEMORIA DDR3 4GB 1866MHZ KINGSTON HYPERX FURY BLACK,TECNOLOGIA,Unidades,,1,0, No Tax, inclusive,COMPONENTECOMPU,,,,,,,
379,MEMORIA DDR3 4GB 1866MHZ KINGSTON HYPERX FURY BLUE,TECNOLOGIA,Unidades,,1,0, No Tax, inclusive,COMPONENTECOMPU,,,,,,,
380,MEMORIA DDR3 8GB 1600MHZ CORSAIR XMS3 CL11 1.5V,TECNOLOGIA,Unidades,,1,0, No Tax, inclusive,COMPONENTECOMPU,,,,,,,
381,MEMORIA DDR3 8GB 1600MHZ KINGSTON HYPERX FURY BLACK,TECNOLOGIA,Unidades,,1,0, No Tax, inclusive,COMPONENTECOMPU,,,,,,,
382,MEMORIA DDR3 8GB 1600MHZ KINGSTON HYPERX SAVAGE RED,TECNOLOGIA,Unidades,,1,0, No Tax, inclusive,COMPONENTECOMPU,,,,,,,
383,MEMORIA DDR3 8GB 1600MHZ PATRIOT C/DISIPADOR,TECNOLOGIA,Unidades,,1,0, No Tax, inclusive,COMPONENTECOMPU,,,,,,,
384,MEMORIA DDR3 8GB 1866MHZ KINGSTON HYPER X FURY BLUE,TECNOLOGIA,Unidades,,1,0, No Tax, inclusive,COMPONENTECOMPU,,,,,,,
385,MEMORIA DDR4 16GB (2X8GB) 2400MHZ KINGSTON HYPERX FURY BLACK CL15 1.2V,TECNOLOGIA,Unidades,,1,0, No Tax, inclusive,COMPONENTECOMPU,,,,,,,
386,MEMORIA DDR4 4GB 2400MHZ KINGSTON HYPERX FURY BLACK CL15 1.2V,TECNOLOGIA,Unidades,,1,0, No Tax, inclusive,COMPONENTECOMPU,,,,,,,
387,MEMORIA DDR4 8GB 2400MHZ KINGSTON HYPERX FURY BLACK CL15 1.2V,TECNOLOGIA,Unidades,,1,0, No Tax, inclusive,COMPONENTECOMPU,,,,,,,
388,MEMORIA HP-COMPAQ COMERCIAL  4GB MICRO SDHC,TECNOLOGIA,Unidades,,1,0, No Tax, inclusive,COMPONENTECOMPU,,,,,,,
389,MEMORIA HP-COMPAQ COMERCIAL 128GB MICRO SDHC,TECNOLOGIA,Unidades,,1,0, No Tax, inclusive,COMPONENTECOMPU,,,,,,,
390,MEMORIA HP-COMPAQ COMERCIAL 128GB MICRO SDXC,TECNOLOGIA,Unidades,,1,0, No Tax, inclusive,COMPONENTECOMPU,,,,,,,
391,MEMORIA HP-COMPAQ COMERCIAL 16GB MICRO SDHC,TECNOLOGIA,Unidades,,1,0, No Tax, inclusive,COMPONENTECOMPU,,,,,,,
392,MEMORIA HP-COMPAQ COMERCIAL 16GB MICRO SDXC,TECNOLOGIA,Unidades,,1,0, No Tax, inclusive,COMPONENTECOMPU,,,,,,,
393,MEMORIA HP-COMPAQ COMERCIAL 32GB MICRO SDHC,TECNOLOGIA,Unidades,,1,0, No Tax, inclusive,COMPONENTECOMPU,,,,,,,
394,MEMORIA HP-COMPAQ COMERCIAL 32GB MICRO SDXC,TECNOLOGIA,Unidades,,1,0, No Tax, inclusive,COMPONENTECOMPU,,,,,,,
395,MEMORIA HP-COMPAQ COMERCIAL 4GB MICRO SDXC,TECNOLOGIA,Unidades,,1,0, No Tax, inclusive,COMPONENTECOMPU,,,,,,,
396,MEMORIA HP-COMPAQ COMERCIAL 64GB MICRO SDHC,TECNOLOGIA,Unidades,,1,0, No Tax, inclusive,COMPONENTECOMPU,,,,,,,
397,MEMORIA HP-COMPAQ COMERCIAL 64GB MICRO SDXC,TECNOLOGIA,Unidades,,1,0, No Tax, inclusive,COMPONENTECOMPU,,,,,,,
398,MEMORIA HP-COMPAQ COMERCIAL 8GB MICRO SDHC,TECNOLOGIA,Unidades,,1,0, No Tax, inclusive,COMPONENTECOMPU,,,,,,,
399,MEMORIA HP-COMPAQ COMERCIAL 8GB MICRO SDXC,TECNOLOGIA,Unidades,,1,0, No Tax, inclusive,COMPONENTECOMPU,,,,,,,
400,MEMORIA KINGSTON 128GB MICRO SDHC,TECNOLOGIA,Unidades,,1,0, No Tax, inclusive,COMPONENTECOMPU,,,,,,,
401,MEMORIA KINGSTON 128GB MICRO SDXC,TECNOLOGIA,Unidades,,1,0, No Tax, inclusive,COMPONENTECOMPU,,,,,,,
402,MEMORIA KINGSTON 16GB MICRO SDHC,TECNOLOGIA,Unidades,,1,0, No Tax, inclusive,COMPONENTECOMPU,,,,,,,
403,MEMORIA KINGSTON 16GB MICRO SDXC,TECNOLOGIA,Unidades,,1,0, No Tax, inclusive,COMPONENTECOMPU,,,,,,,
404,MEMORIA KINGSTON 32GB MICRO SDHC,TECNOLOGIA,Unidades,,1,0, No Tax, inclusive,COMPONENTECOMPU,,,,,,,
405,MEMORIA KINGSTON 32GB MICRO SDXC,TECNOLOGIA,Unidades,,1,0, No Tax, inclusive,COMPONENTECOMPU,,,,,,,
406,MEMORIA KINGSTON 4GB MICRO SDHC,TECNOLOGIA,Unidades,,1,0, No Tax, inclusive,COMPONENTECOMPU,,,,,,,
407,MEMORIA KINGSTON 4GB MICRO SDXC,TECNOLOGIA,Unidades,,1,0, No Tax, inclusive,COMPONENTECOMPU,,,,,,,
408,MEMORIA KINGSTON 64GB MICRO SDHC,TECNOLOGIA,Unidades,,1,0, No Tax, inclusive,COMPONENTECOMPU,,,,,,,
409,MEMORIA KINGSTON 64GB MICRO SDXC,TECNOLOGIA,Unidades,,1,0, No Tax, inclusive,COMPONENTECOMPU,,,,,,,
410,MEMORIA KINGSTON 8GB MICRO SDHC,TECNOLOGIA,Unidades,,1,0, No Tax, inclusive,COMPONENTECOMPU,,,,,,,
411,MEMORIA KINGSTON 8GB MICRO SDXC,TECNOLOGIA,Unidades,,1,0, No Tax, inclusive,COMPONENTECOMPU,,,,,,,
412,MEMORIA KINGSTON DDR2 2GB BUS 800MHZ,TECNOLOGIA,Unidades,,1,0, No Tax, inclusive,COMPONENTECOMPU,,,,,,,
413,MEMORIA KINGSTON DDR3 4GB BUS 1866MHZ HYPER X FURY WHITE ,TECNOLOGIA,Unidades,,1,0, No Tax, inclusive,COMPONENTECOMPU,,,,,,,
414,MEMORIA KINGSTON DDR4 4GB 2133,TECNOLOGIA,Unidades,,1,0, No Tax, inclusive,COMPONENTECOMPU,,,,,,,
415,MEMORIA KINGSTON DDR4 4GB BUS 2133MHZ HYPER X FURY BLACK ,TECNOLOGIA,Unidades,,1,0, No Tax, inclusive,COMPONENTECOMPU,,,,,,,
416,MEMORIA MICRO SD 8GB+ADAPTADOR KINGSTON,TECNOLOGIA,Unidades,,1,0, No Tax, inclusive,COMPONENTECOMPU,,,,,,,
417,MEMORIA MICRO SD SANDISK ALTA RESISTENCIA VIDEO VIGILANCIA 32GB ,TECNOLOGIA,Unidades,,1,0, No Tax, inclusive,COMPONENTECOMPU,,,,,,,
418,MEMORIA MICRO SD SANDISK ULTRA 64GB / 48MBPS,TECNOLOGIA,Unidades,,1,0, No Tax, inclusive,COMPONENTECOMPU,,,,,,,
419,MEMORIA MICRO SDHC 16GB KINGSTON CLASS 10 ,TECNOLOGIA,Unidades,,1,0, No Tax, inclusive,COMPONENTECOMPU,,,,,,,
420,MEMORIA MICRO SDHC XC 128GB KINGSTON CLASS 10,TECNOLOGIA,Unidades,,1,0, No Tax, inclusive,COMPONENTECOMPU,,,,,,,
421,MEMORIA MICRO SDHC XC 128GB KINGSTON CLASS 10 ,TECNOLOGIA,Unidades,,1,0, No Tax, inclusive,COMPONENTECOMPU,,,,,,,
422,MEMORIA MICRO SDHC XC 64GB KINGSTON CLASS 10 ,TECNOLOGIA,Unidades,,1,0, No Tax, inclusive,COMPONENTECOMPU,,,,,,,
423,MEMORIA SANDISK 128GB MICRO SDHC,TECNOLOGIA,Unidades,,1,0, No Tax, inclusive,COMPONENTECOMPU,,,,,,,
424,MEMORIA SANDISK 16GB MICRO SDHC,TECNOLOGIA,Unidades,,1,0, No Tax, inclusive,COMPONENTECOMPU,,,,,,,
425,MEMORIA SANDISK 32GB MICRO SDHC,TECNOLOGIA,Unidades,,1,0, No Tax, inclusive,COMPONENTECOMPU,,,,,,,
426,MEMORIA SANDISK 4GB MICRO SDHC,TECNOLOGIA,Unidades,,1,0, No Tax, inclusive,COMPONENTECOMPU,,,,,,,
427,MEMORIA SANDISK 64GB MICRO SDHC,TECNOLOGIA,Unidades,,1,0, No Tax, inclusive,COMPONENTECOMPU,,,,,,,
428,MEMORIA SANDISK 8GB MICRO SDHC,TECNOLOGIA,Unidades,,1,0, No Tax, inclusive,COMPONENTECOMPU,,,,,,,
429,MEMORIA SD 16GB KINGSTON SD10V/16GB CLASES 10,TECNOLOGIA,Unidades,,1,0, No Tax, inclusive,COMPONENTECOMPU,,,,,,,
430,MEMORIA SODIMM DDR 2GB 667MHZ PATRIOT,TECNOLOGIA,Unidades,,1,0, No Tax, inclusive,COMPONENTECOMPU,,,,,,,
431,MEMORIA SODIMM DDR2 1GB 800MHZ KINGSTON KVR,TECNOLOGIA,Unidades,,1,0, No Tax, inclusive,COMPONENTECOMPU,,,,,,,
432,MEMORIA SODIMM DDR3 4GB 1333MHZ KINGSTON KVR,TECNOLOGIA,Unidades,,1,0, No Tax, inclusive,COMPONENTECOMPU,,,,,,,
433,MEMORIA SODIMM DDR3 8GB 1600MHZ KINGSTON 1.35V,TECNOLOGIA,Unidades,,1,0, No Tax, inclusive,COMPONENTECOMPU,,,,,,,
434,MEMORIA SODIMM KINGSTON DDR3 4GB BUS 1600MHZ 1.5V,TECNOLOGIA,Unidades,,1,0, No Tax, inclusive,COMPONENTECOMPU,,,,,,,
435,MEMORIA SODIMM KINGSTON DDR3 8GB ,TECNOLOGIA,Unidades,,1,0, No Tax, inclusive,COMPONENTECOMPU,,,,,,,
436,MEMORIA SODIMM PATRIOT 4GB DDR3 1600MHZ PC3-12800,TECNOLOGIA,Unidades,,1,0, No Tax, inclusive,COMPONENTECOMPU,,,,,,,
437,MEMORIA USB 32GB SANDISK ULTRA DUAL USB 3.0 BLACK,TECNOLOGIA,Unidades,,1,0, No Tax, inclusive,COMPONENTECOMPU,,,,,,,
438,MONITOR IPS 19.5 AOC I2080SW 1440X900 VGA ",TECNOLOGIA,Unidades,,1,0, No Tax, inclusive,COMPONENTECOMPU,,,,,,,
439,MONITOR LED 15.6 ACER P166HQL 1366 X768 VGA,TECNOLOGIA,Unidades,,1,0, No Tax, inclusive,COMPONENTECOMPU,,,,,,,
440,MONITOR LED 18.5 LG 19M37A-B 1366X768 VGA,TECNOLOGIA,Unidades,,1,0, No Tax, inclusive,COMPONENTECOMPU,,,,,,,
441,MONITOR LED 18.5 SAMSUNG S19D300NY,TECNOLOGIA,Unidades,,1,0, No Tax, inclusive,COMPONENTECOMPU,,,,,,,
442,MONITOR LED 19.5 LG 20M47A-B 1600X900 VGA,TECNOLOGIA,Unidades,,1,0, No Tax, inclusive,COMPONENTECOMPU,,,,,,,
443,MONITOR LED 19.5MONITOR LED 19.5 BENQ DL2020-B 1366X768 VGA BLACK",TECNOLOGIA,Unidades,,1,0, No Tax, inclusive,COMPONENTECOMPU,,,,,,,
444,MONITOR LED 21.5 AOC IPS I2269VWM 1920X1080 VGA /HDMI/DISPLAYPORT,TECNOLOGIA,Unidades,,1,0, No Tax, inclusive,COMPONENTECOMPU,,,,,,,
445,MONITOR LED 21.5 BENQ GW2255HM 1920X1080 HDMI/DVI/VGA",TECNOLOGIA,Unidades,,1,0, No Tax, inclusive,COMPONENTECOMPU,,,,,,,
446,MONITOR LED 21.5 LG IPS 22MP58VQ-P 1920X1080 VGA HDMI,TECNOLOGIA,Unidades,,1,0, No Tax, inclusive,COMPONENTECOMPU,,,,,,,
447,MONITOR LED 21.5 SAMSUNG S22E310HY 1920X1080 VGA HDMI,TECNOLOGIA,Unidades,,1,0, No Tax, inclusive,COMPONENTECOMPU,,,,,,,
448,MONITOR LED 21.5 SAMSUNG S22E390HS 1920X1080 VGA HDMI,TECNOLOGIA,Unidades,,1,0, No Tax, inclusive,COMPONENTECOMPU,,,,,,,
449,MONITOR LED 23.6 AOC I2472PWHUT IPS TOUCH 1920X1080 VGA /HDMI,TECNOLOGIA,Unidades,,1,0, No Tax, inclusive,COMPONENTECOMPU,,,,,,,
450,MONITOR LED 23.6 HP V241P 1920 X 1080 VGA DVI",TECNOLOGIA,Unidades,,1,0, No Tax, inclusive,COMPONENTECOMPU,,,,,,,
451,MONITOR LED 24 BENQ RL2455HM GAMING VGA DVI HDMI 1920 X 1080,TECNOLOGIA,Unidades,,1,0, No Tax, inclusive,COMPONENTECOMPU,,,,,,,
452,MONITOR LED 24 BENQ XL2430T GAMING VGA DVI HDMI USB DP,TECNOLOGIA,Unidades,,1,0, No Tax, inclusive,COMPONENTECOMPU,,,,,,,
453,MONITOR LED 24 LG IPS 24MP58VQ-P 1920X1080 VGA HDMI,TECNOLOGIA,Unidades,,1,0, No Tax, inclusive,COMPONENTECOMPU,,,,,,,
454,MONITOR LED 24 SAMSUNG LS24D300HS 1920X1080 VGA HDMI,TECNOLOGIA,Unidades,,1,0, No Tax, inclusive,COMPONENTECOMPU,,,,,,,
455,MONITOR LED 27 AOC IPS I2757FH 1920X1080 VGA HDMI,TECNOLOGIA,Unidades,,1,0, No Tax, inclusive,COMPONENTECOMPU,,,,,,,
456,MONITOR LED 27 BENQ XL2720Z GAMING 3D 1920 X 1080 VGA DVI HDMI DP,TECNOLOGIA,Unidades,,1,0, No Tax, inclusive,COMPONENTECOMPU,,,,,,,
457,MONITOR LED 27 LG IPS 27MP67HQ 1920X1080 VGA HDMI,TECNOLOGIA,Unidades,,1,0, No Tax, inclusive,COMPONENTECOMPU,,,,,,,
458,MONITOR LED 27 SAMSUNG LS27D590CS CURVE VGA HDMI DP,TECNOLOGIA,Unidades,,1,0, No Tax, inclusive,COMPONENTECOMPU,,,,,,,
459,MONITOR LED 27 SAMSUNG LS27E370D 1920X1080 PLS/ VGA HDMI DP CARGA WIFI P/ SMARTPHONE",TECNOLOGIA,Unidades,,1,0, No Tax, inclusive,COMPONENTECOMPU,,,,,,,
460,MONITOR LED 27 SAMSUNG LS27E510CS CURVO VGA HDMI,TECNOLOGIA,Unidades,,1,0, No Tax, inclusive,COMPONENTECOMPU,,,,,,,
461,MONITOR LED 28 AOC U2868PQU IPS 3840 X 2160 VGA HDMI DVI DP,TECNOLOGIA,Unidades,,1,0, No Tax, inclusive,COMPONENTECOMPU,,,,,,,
462,MONITOR LED 28 VIEWSONIC VG2847SMH 1920 X 1080 FULL HD HDMI VGA",TECNOLOGIA,Unidades,,1,0, No Tax, inclusive,COMPONENTECOMPU,,,,,,,
463,MONITOR LED 28 VIEWSONIC VG2847SMH 1920 X 1080 FULL HD HDMIVGA",TECNOLOGIA,Unidades,,1,0, No Tax, inclusive,COMPONENTECOMPU,,,,,,,
464,MONITOR LED 29 LG 29UC97-S CURVO QHD 2560 X 1080 HDMI,TECNOLOGIA,Unidades,,1,0, No Tax, inclusive,COMPONENTECOMPU,,,,,,,
465,MONITOR LED 34 LG IPS 34UM67-P 2560X1080 HDMI DP ULTRAWIDE,TECNOLOGIA,Unidades,,1,0, No Tax, inclusive,COMPONENTECOMPU,,,,,,,
466,MONITOR LED IPS LG 27 ULTRA HD 4K 27UD68-W 3840X2160,TECNOLOGIA,Unidades,,1,0, No Tax, inclusive,COMPONENTECOMPU,,,,,,,
467,MONITOR LED IPS LG 29 ULTRA WIDE 29UM68-P 2560X1080 HDMI",TECNOLOGIA,Unidades,,1,0, No Tax, inclusive,COMPONENTECOMPU,,,,,,,
468,MONITOR LED TV 23.6 LG 24MT47A 1366 X 768 VGA HDMI USB,TECNOLOGIA,Unidades,,1,0, No Tax, inclusive,COMPONENTECOMPU,,,,,,,
469,MONITOR LED TV 23.6 SAMSUNG LT24E310LB 1366 X 768 2X HDMI,TECNOLOGIA,Unidades,,1,0, No Tax, inclusive,COMPONENTECOMPU,,,,,,,
470,MONITOR LED TV 28 LG 28MT47B-PM SINTONIZADOR ANALOGICO",TECNOLOGIA,Unidades,,1,0, No Tax, inclusive,COMPONENTECOMPU,,,,,,,
471,MOUSE BLUETOOTH GENIUS NX- 9000BT BLUEEYE BLACK/GOLD ,TECNOLOGIA,Unidades,,1,0, No Tax, inclusive,COMPONENTECOMPU,,,,,,,
472,MOUSE BLUETOOTH GENIUS NX- 9000BT BLUEEYE BLACK/SILVER ,TECNOLOGIA,Unidades,,1,0, No Tax, inclusive,COMPONENTECOMPU,,,,,,,
473,MOUSE BLUETOOTH GENIUS NX- 9000BT BLUEEYE IRON GRAY ,TECNOLOGIA,Unidades,,1,0, No Tax, inclusive,COMPONENTECOMPU,,,,,,,
474,MOUSE BLUETOOTH LOGITECH M535 BLUE,TECNOLOGIA,Unidades,,1,0, No Tax, inclusive,COMPONENTECOMPU,,,,,,,
475,MOUSE GENIUS DX- 100 USB OPTICO NEG.- VERDE,TECNOLOGIA,Unidades,,1,0, No Tax, inclusive,COMPONENTECOMPU,,,,,,,
476,MOUSE GENIUS DX- 110 USB OPTICO BLACK ,TECNOLOGIA,Unidades,,1,0, No Tax, inclusive,COMPONENTECOMPU,,,,,,,
477,MOUSE GENIUS DX- 110 USB OPTICO BLUE 1000 DPI,TECNOLOGIA,Unidades,,1,0, No Tax, inclusive,COMPONENTECOMPU,,,,,,,
478,MOUSE GENIUS DX- 110 USB OPTICO BLUE 1000 DPI ,TECNOLOGIA,Unidades,,1,0, No Tax, inclusive,COMPONENTECOMPU,,,,,,,
479,MOUSE GENIUS DX- 110 USB OPTICO RED 1000 DPI,TECNOLOGIA,Unidades,,1,0, No Tax, inclusive,COMPONENTECOMPU,,,,,,,
480,MOUSE GENIUS DX- 110 USB OPTICO RED 1000 DPI ,TECNOLOGIA,Unidades,,1,0, No Tax, inclusive,COMPONENTECOMPU,,,,,,,
481,MOUSE GENIUS DX- 110 USB OPTICO WHITE 1000 DPI ,TECNOLOGIA,Unidades,,1,0, No Tax, inclusive,COMPONENTECOMPU,,,,,,,
482,MOUSE GENIUS DX- 7000X TATTOO WIRELESS USB AZUL BLUEEYE,TECNOLOGIA,Unidades,,1,0, No Tax, inclusive,COMPONENTECOMPU,,,,,,,
483,MOUSE GENIUS DX- 7000X TATTOO WIRELESS USB BLUEEYE BLACK,TECNOLOGIA,Unidades,,1,0, No Tax, inclusive,COMPONENTECOMPU,,,,,,,
484,MOUSE GENIUS MICRO TRAVELER 9000R OPTICO WIRELESS ROSADO,TECNOLOGIA,Unidades,,1,0, No Tax, inclusive,COMPONENTECOMPU,,,,,,,
485,MOUSE GENIUS MICRO TRAVELER 9000R WIRELESS BLUE,TECNOLOGIA,Unidades,,1,0, No Tax, inclusive,COMPONENTECOMPU,,,,,,,
486,MOUSE GENIUS MICRO TRAVELER 9000R WIRELESS PINK,TECNOLOGIA,Unidades,,1,0, No Tax, inclusive,COMPONENTECOMPU,,,,,,,
487,MOUSE GENIUS MICRO TRAVELER 9000R WIRELESS WHITE /GREEN ,TECNOLOGIA,Unidades,,1,0, No Tax, inclusive,COMPONENTECOMPU,,,,,,,
488,MOUSE GENIUS MICRO TRAVELER 900R WIRELESS PINK,TECNOLOGIA,Unidades,,1,0, No Tax, inclusive,COMPONENTECOMPU,,,,,,,
489,MOUSE GENIUS MICRO TRAVELER BLANCO USB,TECNOLOGIA,Unidades,,1,0, No Tax, inclusive,COMPONENTECOMPU,,,,,,,
490,MOUSE GENIUS MICRO TRAVELER NEGRO USB,TECNOLOGIA,Unidades,,1,0, No Tax, inclusive,COMPONENTECOMPU,,,,,,,
491,MOUSE GENIUS MICRO TRAVELER RUBY USB,TECNOLOGIA,Unidades,,1,0, No Tax, inclusive,COMPONENTECOMPU,,,,,,,
492,MOUSE GENIUS MICRO TRAVELER SILVER USB,TECNOLOGIA,Unidades,,1,0, No Tax, inclusive,COMPONENTECOMPU,,,,,,,
493,MOUSE GENIUS MICRO TRAVELER V2 BLACK USB ,TECNOLOGIA,Unidades,,1,0, No Tax, inclusive,COMPONENTECOMPU,,,,,,,
494,MOUSE GENIUS MICRO TRAVELER V2 RUBY USB ,TECNOLOGIA,Unidades,,1,0, No Tax, inclusive,COMPONENTECOMPU,,,,,,,
495,MOUSE GENIUS MICRO TRAVELER V2 SILVER USB ,TECNOLOGIA,Unidades,,1,0, No Tax, inclusive,COMPONENTECOMPU,,,,,,,
496,MOUSE GENIUS NX- 7015 WIRELESS BLUEEYE CHOCOLATE/BLACK,TECNOLOGIA,Unidades,,1,0, No Tax, inclusive,COMPONENTECOMPU,,,,,,,
497,MOUSE GENIUS NX- 7015 WIRELESS BLUEEYE GOLD/BLACK ,TECNOLOGIA,Unidades,,1,0, No Tax, inclusive,COMPONENTECOMPU,,,,,,,
498,MOUSE GENIUS TRAVELER 6000Z BLUEEYE RED,TECNOLOGIA,Unidades,,1,0, No Tax, inclusive,COMPONENTECOMPU,,,,,,,
499,MOUSE GENIUS TRAVELER 9000 TATOO WIRELESS GREEN/BLACK,TECNOLOGIA,Unidades,,1,0, No Tax, inclusive,COMPONENTECOMPU,,,,,,,
500,MOUSE GENIUS TRAVELER 9005BT BLUETOOTH BLUEEYE BLACK/BLUE ANDROID,TECNOLOGIA,Unidades,,1,0, No Tax, inclusive,COMPONENTECOMPU,,,,,,,
501,MOUSE GENIUS WIRELESS MICRO TRAVELLER 900S BLACK,TECNOLOGIA,Unidades,,1,0, No Tax, inclusive,COMPONENTECOMPU,,,,,,,
502,MOUSE GENIUS WIRELESS MICRO TRAVELLER 900S GRIS,TECNOLOGIA,Unidades,,1,0, No Tax, inclusive,COMPONENTECOMPU,,,,,,,
503,MOUSE GENIUS WIRELESS MICRO TRAVELLER 900S PINK,TECNOLOGIA,Unidades,,1,0, No Tax, inclusive,COMPONENTECOMPU,,,,,,,
504,MOUSE LOGITECH M170 MINI WIRELESS BLUE,TECNOLOGIA,Unidades,,1,0, No Tax, inclusive,COMPONENTECOMPU,,,,,,,
505,MOUSE LOGITECH M170 MINI WIRELESS RED,TECNOLOGIA,Unidades,,1,0, No Tax, inclusive,COMPONENTECOMPU,,,,,,,
506,MOUSE LOGITECH M185 WIRELESS BLACK/ GRIS,TECNOLOGIA,Unidades,,1,0, No Tax, inclusive,COMPONENTECOMPU,,,,,,,
507,MOUSE LOGITECH M187 WIRELESS MINI BLUE / WHITE,TECNOLOGIA,Unidades,,1,0, No Tax, inclusive,COMPONENTECOMPU,,,,,,,
508,MOUSE LOGITECH M187 WIRELESS MINI PINK,TECNOLOGIA,Unidades,,1,0, No Tax, inclusive,COMPONENTECOMPU,,,,,,,
509,MOUSE LOGITECH M187 WIRELESS MINI PURPLE,TECNOLOGIA,Unidades,,1,0, No Tax, inclusive,COMPONENTECOMPU,,,,,,,
510,MOUSE LOGITECH M280 WIRELESS RED,TECNOLOGIA,Unidades,,1,0, No Tax, inclusive,COMPONENTECOMPU,,,,,,,
511,MOUSE LOGITECH M317 WIRELESS JUMGLE MELODY,TECNOLOGIA,Unidades,,1,0, No Tax, inclusive,COMPONENTECOMPU,,,,,,,
512,MOUSE LOGITECH M317C WIRELESS FELICITY FOX,TECNOLOGIA,Unidades,,1,0, No Tax, inclusive,COMPONENTECOMPU,,,,,,,
513,MOUSE LOGITECH M317C WIRELESS LOGITECH OLIVIA OWL,TECNOLOGIA,Unidades,,1,0, No Tax, inclusive,COMPONENTECOMPU,,,,,,,
514,MOUSE LOGITECH M317C WIRELESS LUCAS LION,TECNOLOGIA,Unidades,,1,0, No Tax, inclusive,COMPONENTECOMPU,,,,,,,
515,MOUSE LOGITECH M90 DARK OPTICO USB NEGRO,TECNOLOGIA,Unidades,,1,0, No Tax, inclusive,COMPONENTECOMPU,,,,,,,
516,MOUSE LOGITECH MARBLE TRACKMAN USB SILVER- RED,TECNOLOGIA,Unidades,,1,0, No Tax, inclusive,COMPONENTECOMPU,,,,,,,
517,MOUSE MICROSOFT SCULPT ERGONOMIC USB NEGRO,TECNOLOGIA,Unidades,,1,0, No Tax, inclusive,COMPONENTECOMPU,,,,,,,
518,MOUSE MICROSOFT SCULPT MOBILE OPTICO PINK WIRELESS,TECNOLOGIA,Unidades,,1,0, No Tax, inclusive,COMPONENTECOMPU,,,,,,,
519,MOUSE MICROSOFT WIRELESS MOBILE 1850 BLACK USB,TECNOLOGIA,Unidades,,1,0, No Tax, inclusive,COMPONENTECOMPU,,,,,,,
520,MOUSE MICROSOFT WIRELESS MOBILE 1850 PURPLE USB,TECNOLOGIA,Unidades,,1,0, No Tax, inclusive,COMPONENTECOMPU,,,,,,,
521,MOUSE MICROSOFT WIRELESS MOBILE 3500 GRIS,TECNOLOGIA,Unidades,,1,0, No Tax, inclusive,COMPONENTECOMPU,,,,,,,
522,MOUSE MICROSOFT WIRELESS MOBILE 3500 HALO BLACK,TECNOLOGIA,Unidades,,1,0, No Tax, inclusive,COMPONENTECOMPU,,,,,,,
523,MOUSE MICROSOFT WIRELESS SCULPT MOBILE BLACK USB,TECNOLOGIA,Unidades,,1,0, No Tax, inclusive,COMPONENTECOMPU,,,,,,,
524,MOUSE MICROSOFT WIRELESS SCULPT MOBILE BLUE USB,TECNOLOGIA,Unidades,,1,0, No Tax, inclusive,COMPONENTECOMPU,,,,,,,
525,MOUSE MICROSOFT WIRELESS SCULPT MOBILE RED USB,TECNOLOGIA,Unidades,,1,0, No Tax, inclusive,COMPONENTECOMPU,,,,,,,
526,MOUSE OPTICO GENIUS NETSCROOL 120 USB NEGRO,TECNOLOGIA,Unidades,,1,0, No Tax, inclusive,COMPONENTECOMPU,,,,,,,
527,MOUSE OPTICO LOGITECH M105 USB BLACK,TECNOLOGIA,Unidades,,1,0, No Tax, inclusive,COMPONENTECOMPU,,,,,,,
528,MOUSE OPTICO LOGITECH M105 USB RED,TECNOLOGIA,Unidades,,1,0, No Tax, inclusive,COMPONENTECOMPU,,,,,,,
529,MOUSE OPTICO LOGITECH M105 USB WHITE,TECNOLOGIA,Unidades,,1,0, No Tax, inclusive,COMPONENTECOMPU,,,,,,,
530,MOUSE WIRELESS GENIUS NX- 7000 BLACK,TECNOLOGIA,Unidades,,1,0, No Tax, inclusive,COMPONENTECOMPU,,,,,,,
531,MOUSE WIRELESS GENIUS NX- 7000 BLUE ,TECNOLOGIA,Unidades,,1,0, No Tax, inclusive,COMPONENTECOMPU,,,,,,,
532,MOUSE WIRELESS GENIUS NX- 7000 GREEN,TECNOLOGIA,Unidades,,1,0, No Tax, inclusive,COMPONENTECOMPU,,,,,,,
533,MOUSE WIRELESS GENIUS NX- 7000 WHITE,TECNOLOGIA,Unidades,,1,0, No Tax, inclusive,COMPONENTECOMPU,,,,,,,
534,MOUSE WIRELESS GENIUS NX- 7015 BLUEEYE IRON GREY,TECNOLOGIA,Unidades,,1,0, No Tax, inclusive,COMPONENTECOMPU,,,,,,,
535,MOUSE WIRELESS GENIUS TRAVELER 6000Z BLUEEYE BLUE,TECNOLOGIA,Unidades,,1,0, No Tax, inclusive,COMPONENTECOMPU,,,,,,,
536,MOUSE WIRELESS LOGITECH M185 BLUE,TECNOLOGIA,Unidades,,1,0, No Tax, inclusive,COMPONENTECOMPU,,,,,,,
537,MOUSE WIRELESS LOGITECH M570 TRACKBALL GRAY/BLUE ,TECNOLOGIA,Unidades,,1,0, No Tax, inclusive,COMPONENTECOMPU,,,,,,,
538,PAD MOUSE KLIP XTREME BLACK KMP-100B,TECNOLOGIA,Unidades,,1,0, No Tax, inclusive,COMPONENTECOMPU,,,,,,,
539,PAD MOUSE RAZER FIREFLY- HARD LIGHTING GAMING BLACK ,TECNOLOGIA,Unidades,,1,0, No Tax, inclusive,COMPONENTECOMPU,,,,,,,
540,PAD MOUSE RAZER GOLIATHUS CONTROL EDITION MEDIUM BLACK ,TECNOLOGIA,Unidades,,1,0, No Tax, inclusive,COMPONENTECOMPU,,,,,,,
541,PAD MOUSE RAZER GOLIATHUS SPEED EDITION LARGE GAMING,TECNOLOGIA,Unidades,,1,0, No Tax, inclusive,COMPONENTECOMPU,,,,,,,
542,PAD MOUSE RAZER SPHEX GAMING,TECNOLOGIA,Unidades,,1,0, No Tax, inclusive,COMPONENTECOMPU,,,,,,,
543,PAD MOUSE RAZER VESPULA GAMING BLACK ,TECNOLOGIA,Unidades,,1,0, No Tax, inclusive,COMPONENTECOMPU,,,,,,,
544,PLACA ASROCK G41C-GS R2.0 V-S-LAN LGA 775 DDR2 - DDR3,TECNOLOGIA,Unidades,,1,0, No Tax, inclusive,COMPONENTECOMPU,,,,,,,
545,PLACA ASROCK N68C-GS4 FX DDR2-DDR3 AM3 - AM2,TECNOLOGIA,Unidades,,1,0, No Tax, inclusive,COMPONENTECOMPU,,,,,,,
546,PLACA ASUS A68HM-K C/V-S-LAN FM2+ M-ATX,TECNOLOGIA,Unidades,,1,0, No Tax, inclusive,COMPONENTECOMPU,,,,,,,
547,PLACA ASUS A88XM-A C/ V-S-R FM2+ M-ATX,TECNOLOGIA,Unidades,,1,0, No Tax, inclusive,COMPONENTECOMPU,,,,,,,
548,PLACA ASUS B150M-A D3 C/V-S-R DDR3 LGA1151 M-ATX,TECNOLOGIA,Unidades,,1,0, No Tax, inclusive,COMPONENTECOMPU,,,,,,,
549,PLACA ASUS B85M-G R2.0 C/V-S-LAN LGA 1150 HDMI DVI VGA M-ATX,TECNOLOGIA,Unidades,,1,0, No Tax, inclusive,COMPONENTECOMPU,,,,,,,
550,PLACA ASUS CROSSHAIR V FORMULA Z C/ S-LAN AM3+ ATX,TECNOLOGIA,Unidades,,1,0, No Tax, inclusive,COMPONENTECOMPU,,,,,,,
551,PLACA ASUS H81M-A C/V-S-R LGA1150 M-ATX  BOX,TECNOLOGIA,Unidades,,1,0, No Tax, inclusive,COMPONENTECOMPU,,,,,,,
552,PLACA ASUS H81M-PLUS C/V-S-LAN LGA 1150 VGA DVI HDMI M-ATX,TECNOLOGIA,Unidades,,1,0, No Tax, inclusive,COMPONENTECOMPU,,,,,,,
553,PLACA ASUS M5A97 LE R2.0 C/ S-R AM3+ ATX BOX,TECNOLOGIA,Unidades,,1,0, No Tax, inclusive,COMPONENTECOMPU,,,,,,,
554,PLACA ASUS SABERTOOTH 990FX R2.0 C/ S- LAN AM3+ ATX,TECNOLOGIA,Unidades,,1,0, No Tax, inclusive,COMPONENTECOMPU,,,,,,,
555,PLACA ASUS Z170 MAXIMUS VIII GENE C/V-S-R DDR4 LGA1151 M-ATX,TECNOLOGIA,Unidades,,1,0, No Tax, inclusive,COMPONENTECOMPU,,,,,,,
556,PLACA ASUS Z170 MAXIMUS VIII HERO C/V-S-R DDR4 LGA1151 ATX,TECNOLOGIA,Unidades,,1,0, No Tax, inclusive,COMPONENTECOMPU,,,,,,,
557,PLACA ECS H61H2-MV V/S/R LGA 1155 M-ATX,TECNOLOGIA,Unidades,,1,0, No Tax, inclusive,COMPONENTECOMPU,,,,,,,
558,PLACA GIGABYTE 970A-DS3P C/ S-R AM3+ ATX,TECNOLOGIA,Unidades,,1,0, No Tax, inclusive,COMPONENTECOMPU,,,,,,,
559,PLACA GIGABYTE 970A-UD3P C/ S-R AM3+  ATX,TECNOLOGIA,Unidades,,1,0, No Tax, inclusive,COMPONENTECOMPU,,,,,,,
560,PLACA GIGABYTE F2A68HM-H V-S-LAN FM2+ M-ATX,TECNOLOGIA,Unidades,,1,0, No Tax, inclusive,COMPONENTECOMPU,,,,,,,
561,PLACA GIGABYTE F2A88XM- D3H V/S/R FM2+ M-ATX,TECNOLOGIA,Unidades,,1,0, No Tax, inclusive,COMPONENTECOMPU,,,,,,,
562,PLACA GIGABYTE G1.SNIPER A88X V/S/R FM2+,TECNOLOGIA,Unidades,,1,0, No Tax, inclusive,COMPONENTECOMPU,,,,,,,
563,PLACA GIGABYTE G1.SNIPER B6 C/ S-R LGA 1150 AT,TECNOLOGIA,Unidades,,1,0, No Tax, inclusive,COMPONENTECOMPU,,,,,,,
564,PLACA GIGABYTE GA-990FXA-UD5 C/S-R DDR3 AM3 + ATX,TECNOLOGIA,Unidades,,1,0, No Tax, inclusive,COMPONENTECOMPU,,,,,,,
565,PLACA GIGABYTE GA-B85M-DS3H-A C/ V-S-R LGA1150 M-ATX BOX,TECNOLOGIA,Unidades,,1,0, No Tax, inclusive,COMPONENTECOMPU,,,,,,,
566,PLACA GIGABYTE GA-Z170X - GAMING 5 C/V-S-R DDR4 LGA1151 ATX,TECNOLOGIA,Unidades,,1,0, No Tax, inclusive,COMPONENTECOMPU,,,,,,,
567,PLACA GIGABYTE H81M-H C/ V/S/LAN LGA1150 M-ATX,TECNOLOGIA,Unidades,,1,0, No Tax, inclusive,COMPONENTECOMPU,,,,,,,
568,PLACA GIGABYTE H97- GAMING 3 V/S/R LGA 1150,TECNOLOGIA,Unidades,,1,0, No Tax, inclusive,COMPONENTECOMPU,,,,,,,
569,PLACA GIGABYTE Z97X- GAMING G1 WIFI-BK C/ V-S-LAN DDR3 LGA1150 ATX,TECNOLOGIA,Unidades,,1,0, No Tax, inclusive,COMPONENTECOMPU,,,,,,,
570,PLACA MSI 970 GAMING C/ S-LAN AM3+ ATX,TECNOLOGIA,Unidades,,1,0, No Tax, inclusive,COMPONENTECOMPU,,,,,,,
571,PLACA MSI A88XM-E45 V2 C/ V-S-R FM2+ M-ATX,TECNOLOGIA,Unidades,,1,0, No Tax, inclusive,COMPONENTECOMPU,,,,,,,
572,PLACA MSI B150M MORTAR C/V-S-R DDR4 LGA1151 M-ATX,TECNOLOGIA,Unidades,,1,0, No Tax, inclusive,COMPONENTECOMPU,,,,,,,
573,PLACA MSI B85M-E45 C/ V-S-R LGA 1150 M-ATX,TECNOLOGIA,Unidades,,1,0, No Tax, inclusive,COMPONENTECOMPU,,,,,,,
574,PLACA MSI H81M-E33 C/ V-S-R LGA 1150 M-ATX,TECNOLOGIA,Unidades,,1,0, No Tax, inclusive,COMPONENTECOMPU,,,,,,,
575,PLACA MSI Z170A GAMING M5 C/V-S-R DDR4 LGA1151 ATX,TECNOLOGIA,Unidades,,1,0, No Tax, inclusive,COMPONENTECOMPU,,,,,,,
576,PLACA MSI Z170A GAMING PRO C/V-S-R DDR4 LGA1151 ATX,TECNOLOGIA,Unidades,,1,0, No Tax, inclusive,COMPONENTECOMPU,,,,,,,
577,PROCESADOR AMD APU A10- 7850K 3.7GHZ 4MB FM2+ AMD R7 32NM,TECNOLOGIA,Unidades,,1,0, No Tax, inclusive,COMPONENTECOMPU,,,,,,,
578,PROCESADOR AMD APU A10-7870K 3.9GHZ 4MB FM2+ AMD R7 28NM,TECNOLOGIA,Unidades,,1,0, No Tax, inclusive,COMPONENTECOMPU,,,,,,,
579,PROCESADOR AMD APU A4-4000 3.0GHZ 1MB /FM2 / HD7480,TECNOLOGIA,Unidades,,1,0, No Tax, inclusive,COMPONENTECOMPU,,,,,,,
580,PROCESADOR AMD APU A4-6300 3.7GHZ 1MB /FM2 /HD8370D,TECNOLOGIA,Unidades,,1,0, No Tax, inclusive,COMPONENTECOMPU,,,,,,,
581,PROCESADOR AMD APU A4-7300 3.8GHZ 1MB FM2+ AMD HD8470D 32NM,TECNOLOGIA,Unidades,,1,0, No Tax, inclusive,COMPONENTECOMPU,,,,,,,
582,PROCESADOR AMD APU A6-7400K 3.5GHZ 1MB FM2+ AMD R5 28NM,TECNOLOGIA,Unidades,,1,0, No Tax, inclusive,COMPONENTECOMPU,,,,,,,
583,PROCESADOR AMD APU A8 - 7650K 3.3GHZ 4MB FM2+ RADEON R7,TECNOLOGIA,Unidades,,1,0, No Tax, inclusive,COMPONENTECOMPU,,,,,,,
584,PROCESADOR AMD APU A8- 7670K 3.6GHZ 4MB FM2+ 95W RADEON R7,TECNOLOGIA,Unidades,,1,0, No Tax, inclusive,COMPONENTECOMPU,,,,,,,
585,PROCESADOR AMD APU A8-7600 3.1GHZ 4MB FM2+ AMD R7 28NM,TECNOLOGIA,Unidades,,1,0, No Tax, inclusive,COMPONENTECOMPU,,,,,,,
586,PROCESADOR AMD ATHLOMII X4 631 2.6GHZ FM1,TECNOLOGIA,Unidades,,1,0, No Tax, inclusive,COMPONENTECOMPU,,,,,,,
587,PROCESADOR AMD FX-4350 4.2GHZ L2:4MB / L3: 8MB AM3+ 32NM 125W,TECNOLOGIA,Unidades,,1,0, No Tax, inclusive,COMPONENTECOMPU,,,,,,,
588,PROCESADOR AMD FX-6300 3.5GHZ L2: 6MB /L3: 8MB S.AM3+,TECNOLOGIA,Unidades,,1,0, No Tax, inclusive,COMPONENTECOMPU,,,,,,,
589,PROCESADOR AMD FX-8320E 3.2GHZ L2: 8MB /L3: 8MB AM3+,TECNOLOGIA,Unidades,,1,0, No Tax, inclusive,COMPONENTECOMPU,,,,,,,
590,PROCESADOR AMD FX-8350 4.0GHZ L2: 8MB /L3: 8MB S.AM3+,TECNOLOGIA,Unidades,,1,0, No Tax, inclusive,COMPONENTECOMPU,,,,,,,
591,PROCESADOR AMD FX-8370E 3.3GHZ 16MB 95W AM3+,TECNOLOGIA,Unidades,,1,0, No Tax, inclusive,COMPONENTECOMPU,,,,,,,
592,PROCESADOR AMD FX-9370 4.4GHZ L2: 8MB X L3: 8MB AM3+ 220W 32NM,TECNOLOGIA,Unidades,,1,0, No Tax, inclusive,COMPONENTECOMPU,,,,,,,
593,PROCESADOR AMD FX-9590 4.7/5.0 GHZ MAX TURBO 16MB CACHE TOTAL AM3+,TECNOLOGIA,Unidades,,1,0, No Tax, inclusive,COMPONENTECOMPU,,,,,,,
594,PROCESADOR INTEL CELERON DUAL CORE G1820 27GHZ 2MB LGA1150,TECNOLOGIA,Unidades,,1,0, No Tax, inclusive,COMPONENTECOMPU,,,,,,,
595,PROCESADOR INTEL CI3 - 4170 3.7GHZ 3MB LGA1150 HD4400,TECNOLOGIA,Unidades,,1,0, No Tax, inclusive,COMPONENTECOMPU,,,,,,,
596,PROCESADOR INTEL CI3 - 540 306GHZ 4MB LGA1156,TECNOLOGIA,Unidades,,1,0, No Tax, inclusive,COMPONENTECOMPU,,,,,,,
597,PROCESADOR INTEL CI3 6100 3.7 GHZ 3MB LGA 1151 14NM 51W HD530 6TA G.,TECNOLOGIA,Unidades,,1,0, No Tax, inclusive,COMPONENTECOMPU,,,,,,,
598,PROCESADOR INTEL CI3 6300 3.8 GHZ 4MB LGA1151 51W 14NM HD 530,TECNOLOGIA,Unidades,,1,0, No Tax, inclusive,COMPONENTECOMPU,,,,,,,
599,PROCESADOR INTEL CI5 - 3330 3.0GHZ 6MB LGA1155 3G,TECNOLOGIA,Unidades,,1,0, No Tax, inclusive,COMPONENTECOMPU,,,,,,,
600,PROCESADOR INTEL CI5 - 3470S 2.90GHZ 6MB LGA1155 22NM 65W,TECNOLOGIA,Unidades,,1,0, No Tax, inclusive,COMPONENTECOMPU,,,,,,,
601,PROCESADOR INTEL CI5 - 4460 3.20GHZ 6MB LGA1150,TECNOLOGIA,Unidades,,1,0, No Tax, inclusive,COMPONENTECOMPU,,,,,,,
602,PROCESADOR INTEL CI5 6400 2.7 GHZ 6MB LGA1151 14NM HD530,TECNOLOGIA,Unidades,,1,0, No Tax, inclusive,COMPONENTECOMPU,,,,,,,
603,PROCESADOR INTEL CI5 6600 3.3 GHZ 6MB LGA1151 14NM HD530,TECNOLOGIA,Unidades,,1,0, No Tax, inclusive,COMPONENTECOMPU,,,,,,,
604,PROCESADOR INTEL CI7 - 4790 3.60GHZ 8MB LGA1150 HD4600,TECNOLOGIA,Unidades,,1,0, No Tax, inclusive,COMPONENTECOMPU,,,,,,,
605,PROCESADOR INTEL CI7 - 950 3.06 GHZ 8MB LGA1366,TECNOLOGIA,Unidades,,1,0, No Tax, inclusive,COMPONENTECOMPU,,,,,,,
606,PROCESADOR INTEL CI7 - 960 3.2 GHZ 8MB LGA1366,TECNOLOGIA,Unidades,,1,0, No Tax, inclusive,COMPONENTECOMPU,,,,,,,
607,PROCESADOR INTEL CI7 6700 3.4 GHZ 8MB LGA1151 65W 14NM HD530,TECNOLOGIA,Unidades,,1,0, No Tax, inclusive,COMPONENTECOMPU,,,,,,,
608,PROCESADOR INTEL CI7-6700K 4.0 GHZ 8MB LGA1151 14NM 91W HD530,TECNOLOGIA,Unidades,,1,0, No Tax, inclusive,COMPONENTECOMPU,,,,,,,
609,PROCESADOR INTEL CORE I5 6500 3.20 GHZ 6MB LGA 1151,TECNOLOGIA,Unidades,,1,0, No Tax, inclusive,COMPONENTECOMPU,,,,,,,
610,PROCESADOR INTEL PENTIUM D.C. G3260 3.3 GHZ 3MB LGA 1150,TECNOLOGIA,Unidades,,1,0, No Tax, inclusive,COMPONENTECOMPU,,,,,,,
611,PROCESADOR INTEL PENTIUM DC G4400 33GHZ 3MB LGA1151,TECNOLOGIA,Unidades,,1,0, No Tax, inclusive,COMPONENTECOMPU,,,,,,,
612,RACK KLIP XTREME KPM-875 ARTICULADO P/ TV/MONITOR,TECNOLOGIA,Unidades,,1,0, No Tax, inclusive,COMPONENTECOMPU,,,,,,,
613,SISTEMA DE ENFRIAMIENTO LIQUIDO COOLER MASTER NEPTON 240M ,TECNOLOGIA,Unidades,,1,0, No Tax, inclusive,COMPONENTECOMPU,,,,,,,
614,SISTEMA DE ILUMINACION LED NZXT PARA CASE HUE,TECNOLOGIA,Unidades,,1,0, No Tax, inclusive,COMPONENTECOMPU,,,,,,,
615,SOPORTE P/ TABLET COOLER MASTER WAVE STAND BLACK,TECNOLOGIA,Unidades,,1,0, No Tax, inclusive,COMPONENTECOMPU,,,,,,,
616,SOPORTE P/ TABLET COOLER MASTER WAVE STAND SILVER,TECNOLOGIA,Unidades,,1,0, No Tax, inclusive,COMPONENTECOMPU,,,,,,,
617,SUPERMULTI DVD LG GH24NSC0 SATA OEM BLACK,TECNOLOGIA,Unidades,,1,0, No Tax, inclusive,COMPONENTECOMPU,,,,,,,
618,UNIDAD DE ALMACENAMIENTO WESTERN DIGITAL MY CLOUD EX2100 ,TECNOLOGIA,Unidades,,1,0, No Tax, inclusive,COMPONENTECOMPU,,,,,,,
619,UNIDAD DE ALMACENAMIENTO WESTERN DIGITAL MY CLOUD EX2100 (PN:WDBWAZ0000NBK-NENS),TECNOLOGIA,Unidades,,1,0, No Tax, inclusive,COMPONENTECOMPU,,,,,,,
620,VIDEO PCI-E ASUS AMD RADEON R7 240 2GB DDR3,TECNOLOGIA,Unidades,,1,0, No Tax, inclusive,COMPONENTECOMPU,,,,,,,
621,VIDEO PCI-E ASUS GEFORCE GT 730 2GB DDR3 128BITS,TECNOLOGIA,Unidades,,1,0, No Tax, inclusive,COMPONENTECOMPU,,,,,,,
622,VIDEO PCI-E ASUS GEFORCE GTX 750 TI 2GB DDR5 128BIT ,TECNOLOGIA,Unidades,,1,0, No Tax, inclusive,COMPONENTECOMPU,,,,,,,
623,VIDEO PCI-E ASUS STRIX RADEON R7 370 2GB DDR5 256BITS,TECNOLOGIA,Unidades,,1,0, No Tax, inclusive,COMPONENTECOMPU,,,,,,,
624,VIDEO PCI-E EVGA GEFORCE GT 610 2GB DDR3 64BITS,TECNOLOGIA,Unidades,,1,0, No Tax, inclusive,COMPONENTECOMPU,,,,,,,
625,VIDEO PCI-E GIGABYTE GEFORCE GT 730 2GB DDR5 64BITS ,TECNOLOGIA,Unidades,,1,0, No Tax, inclusive,COMPONENTECOMPU,,,,,,,
626,VIDEO PCI-E MSI RADEON R7 265 OC 2GB DDR5 256 BITS DVI HDMI DP,TECNOLOGIA,Unidades,,1,0, No Tax, inclusive,COMPONENTECOMPU,,,,,,,
627,VIDEO PCI-E MSI RADEON R9 390X GAMING 8GB DDR5 512BITS DVI HDMI DP,TECNOLOGIA,Unidades,,1,0, No Tax, inclusive,COMPONENTECOMPU,,,,,,,
628,WESTER DIGITAL 320GB WD3200AVVS 7200RPM SATA GREEN PULL,TECNOLOGIA,Unidades,,1,0, No Tax, inclusive,COMPONENTECOMPU,,,,,,,
629,CD BLANCO,OFICINA,Unidades,,1,0, No Tax, inclusive,DISCOS,,,,,,,
630,DVD BLANCO,OFICINA,Unidades,,1,0, No Tax, inclusive,DISCOS,,,,,,,
631,GATORADE 473ML,BEBIDAS,Unidades,,1,0, No Tax, inclusive,ENERGIZANTE,,,,,,,
632,SPORADE,BEBIDAS,Unidades,,1,0, No Tax, inclusive,ENERGIZANTE,,,,,,,
633,VOLT 300ML,BEBIDAS,Unidades,,1,0, No Tax, inclusive,ENERGIZANTE,,,,,,,
634,FASTER ,OFICINA,Unidades,,1,0, No Tax, inclusive,FOLDERS,,,,,,,
635,FOLDER MANILA,OFICINA,Unidades,,1,0, No Tax, inclusive,FOLDERS,,,,,,,
636,FUNDA CON TECLADO P/TABLET 10",DIVERSOS,Unidades,,1,0, No Tax, inclusive,FUNDAS,,,,,,,
637,FUNDA DE NOTEBOOK EBAG V717 NEGRO 14.1 INT. EVA",DIVERSOS,Unidades,,1,0, No Tax, inclusive,FUNDAS,,,,,,,
638,FUNDA DE SILICONA PARA TABLET 7 ALTRON HYS-01- ROJO",DIVERSOS,Unidades,,1,0, No Tax, inclusive,FUNDAS,,,,,,,
639,FUNDAS NOTEBOOK 3D DIAMOND V7143 EBAG 14.1 FUCSIA",DIVERSOS,Unidades,,1,0, No Tax, inclusive,FUNDAS,,,,,,,
640,FUNDAS NOTEBOOK EBAG V761 14.1 - 15.6" NEGRO",DIVERSOS,Unidades,,1,0, No Tax, inclusive,FUNDAS,,,,,,,
641,FUNDAS NOTEBOOK V727 EBAG 14.1 NEGRA // AZUL",DIVERSOS,Unidades,,1,0, No Tax, inclusive,FUNDAS,,,,,,,
642,FUNDAS NOTEBOOK V727 EBAG 14.1 VIOLETA // ROSADO",DIVERSOS,Unidades,,1,0, No Tax, inclusive,FUNDAS,,,,,,,
643,GALLETA GN,GOLOSINAS,Unidades,,1,0, No Tax, inclusive,GALLETAS,,,,,,,
644,GALLETA MARQUESITAS,GOLOSINAS,Unidades,,1,0, No Tax, inclusive,GALLETAS,,,,,,,
645,MARGARITA,GOLOSINAS,Unidades,,1,0, No Tax, inclusive,GALLETAS,,,,,,,
646,MOROCHA,GOLOSINAS,Unidades,,1,0, No Tax, inclusive,GALLETAS,,,,,,,
647,OREO,GOLOSINAS,Unidades,,1,0, No Tax, inclusive,GALLETAS,,,,,,,
648,RITZ,GOLOSINAS,Unidades,,1,0, No Tax, inclusive,GALLETAS,,,,,,,
649,SODA FIELD,GOLOSINAS,Unidades,,1,0, No Tax, inclusive,GALLETAS,,,,,,,
650,TENTACIÓN,GOLOSINAS,Unidades,,1,0, No Tax, inclusive,GALLETAS,,,,,,,
651,7UP 355ML,BEBIDAS,Unidades,,1,0, No Tax, inclusive,GASEOSAS,,,,,,,
652,7UP 500 ML,BEBIDAS,Unidades,,1,0, No Tax, inclusive,GASEOSAS,,,,,,,
653,COCACOLA 192ML,BEBIDAS,Unidades,,1,0, No Tax, inclusive,GASEOSAS,,,,,,,
654,COCACOLA 300ML,BEBIDAS,Unidades,,1,0, No Tax, inclusive,GASEOSAS,,,,,,,
655,COCACOLA 400ML,BEBIDAS,Unidades,,1,0, No Tax, inclusive,GASEOSAS,,,,,,,
656,COCACOLA 500ML,BEBIDAS,Unidades,,1,0, No Tax, inclusive,GASEOSAS,,,,,,,
657,CONCORDIA 500 ML,BEBIDAS,Unidades,,1,0, No Tax, inclusive,GASEOSAS,,,,,,,
658,FANTA,BEBIDAS,Unidades,,1,0, No Tax, inclusive,GASEOSAS,,,,,,,
659,GASEOSA ORO,BEBIDAS,Unidades,,1,0, No Tax, inclusive,GASEOSAS,,,,,,,
660,GUARANA 500ML,BEBIDAS,Unidades,,1,0, No Tax, inclusive,GASEOSAS,,,,,,,
661,INKA KOLA 192ML,BEBIDAS,Unidades,,1,0, No Tax, inclusive,GASEOSAS,,,,,,,
662,INKA KOLA 300ML,BEBIDAS,Unidades,,1,0, No Tax, inclusive,GASEOSAS,,,,,,,
663,INKA KOLA 400ML,BEBIDAS,Unidades,,1,0, No Tax, inclusive,GASEOSAS,,,,,,,
664,INKA KOLA 500ML,BEBIDAS,Unidades,,1,0, No Tax, inclusive,GASEOSAS,,,,,,,
665,KR 450ML,BEBIDAS,Unidades,,1,0, No Tax, inclusive,GASEOSAS,,,,,,,
666,PEPSI 355ML,BEBIDAS,Unidades,,1,0, No Tax, inclusive,GASEOSAS,,,,,,,
667,PEPSI 500ML,BEBIDAS,Unidades,,1,0, No Tax, inclusive,GASEOSAS,,,,,,,
668,SPRITE 500ML,BEBIDAS,Unidades,,1,0, No Tax, inclusive,GASEOSAS,,,,,,,
669,ESCANER HP SCANJET 300 CAMA PLANA  USB 2.0,TECNOLOGIA,Unidades,,1,0, No Tax, inclusive,IMPRESORA,,,,,,,
670,IMPRESORA HP LASERJET P1102W WI-FI 18PPM 8MB,TECNOLOGIA,Unidades,,1,0, No Tax, inclusive,IMPRESORA,,,,,,,
671,IMPRESORA HP LASERJET PRO 400 / M402DN - (C5F94A) (G. HP 080010111),TECNOLOGIA,Unidades,,1,0, No Tax, inclusive,IMPRESORA,,,,,,,
672,IMPRESORA HP LASERJET PRO M201DW 128MB WIFI LAN,TECNOLOGIA,Unidades,,1,0, No Tax, inclusive,IMPRESORA,,,,,,,
673,IMPRESORA HP OFFICEJET 7110 A3 33PPM WIFI,TECNOLOGIA,Unidades,,1,0, No Tax, inclusive,IMPRESORA,,,,,,,
674,IMPRESORA HP OFFICEJET PRO 251DW USB LAN WIFI,TECNOLOGIA,Unidades,,1,0, No Tax, inclusive,IMPRESORA,,,,,,,
675,IMPRESORA LASER COLOR SAMSUNG SL-C410W 18PPM 32MB WIFI LAN 2400 DPI,TECNOLOGIA,Unidades,,1,0, No Tax, inclusive,IMPRESORA,,,,,,,
676,IMPRESORA MATRICIAL EPSON LX-350 USB PARALELO,TECNOLOGIA,Unidades,,1,0, No Tax, inclusive,IMPRESORA,,,,,,,
677,IMPRESORA MULTIF. CANON PIXMA E401,TECNOLOGIA,Unidades,,1,0, No Tax, inclusive,IMPRESORA,,,,,,,
678,IMPRESORA MULTIF. EPSON L220 C/ SISTEMA CONTINUO,TECNOLOGIA,Unidades,,1,0, No Tax, inclusive,IMPRESORA,,,,,,,
679,IMPRESORA MULTIF. HP DESKJET ADV. 1515,TECNOLOGIA,Unidades,,1,0, No Tax, inclusive,IMPRESORA,,,,,,,
680,IMPRESORA MULTIF. HP DESKJET ADV. 2545 AIO WIFI,TECNOLOGIA,Unidades,,1,0, No Tax, inclusive,IMPRESORA,,,,,,,
681,IMPRESORA MULTIF. HP DESKJET ADV. 3545 WIFI,TECNOLOGIA,Unidades,,1,0, No Tax, inclusive,IMPRESORA,,,,,,,
682,IMPRESORA MULTIF. HP DESKJET INK ADV. ULTRA 4729 ,TECNOLOGIA,Unidades,,1,0, No Tax, inclusive,IMPRESORA,,,,,,,
683,IMPRESORA MULTIF. HP LASERJET PRO COLOR MFP M476DW LAN USB WIFI,TECNOLOGIA,Unidades,,1,0, No Tax, inclusive,IMPRESORA,,,,,,,
684,IMPRESORA MULTIF. HP OFFICEJET 7612WF (A3) / RED,TECNOLOGIA,Unidades,,1,0, No Tax, inclusive,IMPRESORA,,,,,,,
685,IMPRESORA SAMSUNG LASER SL-M2020 20PPM 8MB,TECNOLOGIA,Unidades,,1,0, No Tax, inclusive,IMPRESORA,,,,,,,
686,IMPRESORA SAMSUNG LASER SL-M2020W 20PPM 64MB WIFI,TECNOLOGIA,Unidades,,1,0, No Tax, inclusive,IMPRESORA,,,,,,,
687,MULTIFUNCIONAL HP LASERJET PRO MFP M127FN FAX RED,TECNOLOGIA,Unidades,,1,0, No Tax, inclusive,IMPRESORA,,,,,,,
688,KIT FUNDA + TECLADO ALTRON P/ TABLET 7 NARANJA,TECNOLOGIA,Unidades,,1,0, No Tax, inclusive,IPADSTABLETS,,,,,,,
689,LAPIZ OPTICO ARGOM BLACK PARA TABLETS SMARTPHONES IPHONE,TECNOLOGIA,Unidades,,1,0, No Tax, inclusive,IPADSTABLETS,,,,,,,
690,LAPIZ OPTICO ARGOM BLUE PARA TABLETS SMARTPHONES IPHONE,TECNOLOGIA,Unidades,,1,0, No Tax, inclusive,IPADSTABLETS,,,,,,,
691,LAPIZ OPTICO ARGOM WHITE PARA TABLETS SMARTPHONES IPHONE,TECNOLOGIA,Unidades,,1,0, No Tax, inclusive,IPADSTABLETS,,,,,,,
692,SOPORTE P/ TABLET DE METAL KLIP XTREME KCP-020,TECNOLOGIA,Unidades,,1,0, No Tax, inclusive,IPADSTABLETS,,,,,,,
693,TABLET ALTRON SO-835 Q. C 1.33GHZ 8 16GB 1280X800 W8,TECNOLOGIA,Unidades,,1,0, No Tax, inclusive,IPADSTABLETS,,,,,,,
694,TABLET OLITEC 720 7 CORTEX A9 1.2GHZ 1GB 8GB FM GRIS,TECNOLOGIA,Unidades,,1,0, No Tax, inclusive,IPADSTABLETS,,,,,,,
695,TABLET OLIVETTI 708G- BLANCO 7 / CORTEX-A9 8377 D.C 1.2GHZ/ TV/ 3G /1GB / 8GB/AND 4.1,TECNOLOGIA,Unidades,,1,0, No Tax, inclusive,IPADSTABLETS,,,,,,,
696,TABLET OLIVETTI 708G- NEGRO 7P/CORTEX-A9 8377 CORE2 1.2GHZ/ TV/ AND 4.1/WEB CAM ",TECNOLOGIA,Unidades,,1,0, No Tax, inclusive,IPADSTABLETS,,,,,,,
697,TABLET QUO QS-TV701BK CORTEX-A9 SC 1GHZ 8GB ANDROID 4.1,TECNOLOGIA,Unidades,,1,0, No Tax, inclusive,IPADSTABLETS,,,,,,,
698,TABLET SAMSUNG GALAXY TAB 4 7 QUAD C. 1.2GHZ/ RAM 1.5GB/ 8GB/TOUCH 1280X800/4.4/ BT/3 MXP NEGRO",TECNOLOGIA,Unidades,,1,0, No Tax, inclusive,IPADSTABLETS,,,,,,,
699,CIFRUT 200 ML,BEBIDAS,Unidades,,1,0, No Tax, inclusive,JUGOS,,,,,,,
700,FRUTARIS,BEBIDAS,Unidades,,1,0, No Tax, inclusive,JUGOS,,,,,,,
701,SQUIZ 500ML,BEBIDAS,Unidades,,1,0, No Tax, inclusive,JUGOS,,,,,,,
702,LAPICEROS TRILUX,OFICINA,Unidades,,1,0, No Tax, inclusive,LAPICEROS,,,,,,,
703,MICAS,OFICINA,Unidades,,1,0, No Tax, inclusive,MICAS,,,,,,,
704,PAPEL BOM,OFICINA,Unidades,,1,0, No Tax, inclusive,PAPELBOND,,,,,,,
705,BATERIA PORTATIL LG BP2 3000 MAH BLANCO,TECNOLOGIA,Unidades,,1,0, No Tax, inclusive,PORTATILES,,,,,,,
706,BATERIA PORTATIL LG BP2 3000 MAH NEGRO,TECNOLOGIA,Unidades,,1,0, No Tax, inclusive,PORTATILES,,,,,,,
707,BATERIA PORTATIL LG BP2 6000 MAH BLANCO,TECNOLOGIA,Unidades,,1,0, No Tax, inclusive,PORTATILES,,,,,,,
708,BATERIA PORTATIL LG BP2 6000 MAH NEGRO,TECNOLOGIA,Unidades,,1,0, No Tax, inclusive,PORTATILES,,,,,,,
709,NOTEBOOK ACER ASPIRE E14 ES1-411-COFO CEL. N2840 4GB 500GB BLACK,TECNOLOGIA,Unidades,,1,0, No Tax, inclusive,PORTATILES,,,,,,,
710,NOTEBOOK ACER ASPIRE V14 V3-472G-50E2 I5 4210U/ 8GB / 1TB / DVD RW SILVER W8.1,TECNOLOGIA,Unidades,,1,0, No Tax, inclusive,PORTATILES,,,,,,,
711,NOTEBOOK ACER ASPIRE V14 V3-472G-72FT CI7 4510U 8GB 1TB SILVER,TECNOLOGIA,Unidades,,1,0, No Tax, inclusive,PORTATILES,,,,,,,
712,NOTEBOOK ACER ASPIRE V14 V3472PG-3119-411 I3-4030U/ 4GB /1TB / DVD RW /W8.1 ,TECNOLOGIA,Unidades,,1,0, No Tax, inclusive,PORTATILES,,,,,,,
713,NOTEBOOK ASUS ASUS K501UX-DM119T I7-6500U 2.50GHZ /1TB/ 12GB /15.6/NVIDIA GTX 950 4GB/W 10,TECNOLOGIA,Unidades,,1,0, No Tax, inclusive,PORTATILES,,,,,,,
714,NOTEBOOK DEL INSPIRON ,TECNOLOGIA,Unidades,,1,0, No Tax, inclusive,PORTATILES,,,,,,,
715,NOTEBOOK HP 14-AC109LA I3 5005U/500GB /4GB/14.0/DVD/S.O LINUX /NEGRO ",TECNOLOGIA,Unidades,,1,0, No Tax, inclusive,PORTATILES,,,,,,,
716,NOTEBOOK HP 14-AC186LA I3 5005U/500GB /4GB/14./DVD/S.O WINDOWS 10/ PLATA",TECNOLOGIA,Unidades,,1,0, No Tax, inclusive,PORTATILES,,,,,,,
717,NOTEBOOK HP 245 G3 AMD E1 6010 135GHZ/500GB/4GB/14/FREEDOS,TECNOLOGIA,Unidades,,1,0, No Tax, inclusive,PORTATILES,,,,,,,
718,NOTEBOOK LENOVO B4070 CI3-4005U 1.7GHZ 4GB 500GB 14 FREEDOS,TECNOLOGIA,Unidades,,1,0, No Tax, inclusive,PORTATILES,,,,,,,
719,NOTEBOOK LENOVO G4080 CI3-5005U 2.0GHZ/4GB/1TB/14/DVD-RW/WIND.10",TECNOLOGIA,Unidades,,1,0, No Tax, inclusive,PORTATILES,,,,,,,
720,NOTEBOOK LENOVO IP500 CI7-6500U 2.50GHZ /1TB/ 16GB /15.6/RADEON R7 4GB DDR3L/W 10",TECNOLOGIA,Unidades,,1,0, No Tax, inclusive,PORTATILES,,,,,,,
721,NOTEBOOK TOSHIBA U925T-SP2101L CI5-3337U/12.5/ 4GB/SSD 128GB /WIN 8,TECNOLOGIA,Unidades,,1,0, No Tax, inclusive,PORTATILES,,,,,,,
722, SOPORTE DE MONTAJE PARA UNIDAD DE ESTADO SOLIDO KINGSTON ,TECNOLOGIA,Unidades,,1,0, No Tax, inclusive,RACKS,,,,,,,
723,RACK KLIP XTREME KPM-715 P/ TV / LED / FIJO,TECNOLOGIA,Unidades,,1,0, No Tax, inclusive,RACKS,,,,,,,
724,RACK KLIP XTREME KPM-725 P/ TV / LED/ INCLINABLE,TECNOLOGIA,Unidades,,1,0, No Tax, inclusive,RACKS,,,,,,,
725,RACK KLIP XTREME KPM-885 P/ TV / LED/ ARTICULADO,TECNOLOGIA,Unidades,,1,0, No Tax, inclusive,RACKS,,,,,,,
726,SOPORTE DE MONTAJE PARA UNIDAD DE ESTADO SOLIDO KINGSTON ,TECNOLOGIA,Unidades,,1,0, No Tax, inclusive,RACKS,,,,,,,
727,SOPORTE DE PARED KLIP XTREME KPM-660 P/ TV / LCD/ PLASMA 10-24 GIRATORIO",TECNOLOGIA,Unidades,,1,0, No Tax, inclusive,RACKS,,,,,,,
728,SOPORTE DE PARED KLIP XTREME KPM-740 P/ TV / LCD/ PLASMA 30-63 INCLINABLE",TECNOLOGIA,Unidades,,1,0, No Tax, inclusive,RACKS,,,,,,,
729,SOPORTE KLIP XTREME KFM-335 P/ TV / LCD/ LED 23-42 ULTRADELGADO,TECNOLOGIA,Unidades,,1,0, No Tax, inclusive,RACKS,,,,,,,
730,SOPORTE KLIP XTREME KFM-565 P/ TV / LCD/ LED 36-65 ULTRADELGADO,TECNOLOGIA,Unidades,,1,0, No Tax, inclusive,RACKS,,,,,,,
731,SOPORTE KLIP XTREME KPM-745 P/ TV / LCD / LED 30-60 INCLINABLE,TECNOLOGIA,Unidades,,1,0, No Tax, inclusive,RACKS,,,,,,,
732,RELOJ SAMSUNG GEAR FIT SM-R350 BLACK 1.84 AMOLED BLUETOOTH,TECNOLOGIA,Unidades,,1,0, No Tax, inclusive,SMARTWATCH,,,,,,,
733,RELOJ SMART WATCH INTENSE DEVICES BLACK/BRONCE,TECNOLOGIA,Unidades,,1,0, No Tax, inclusive,SMARTWATCH,,,,,,,
734,RELOJ SMART WATCH INTENSE DEVICES BLACK/GRIS,TECNOLOGIA,Unidades,,1,0, No Tax, inclusive,SMARTWATCH,,,,,,,
735,RELOJ SMARTWATCH QUO MTK6572 TOUCH 240X240 DC 1.0GHZ 512MB +4GB 5MP A/F 350MAH SILVER,TECNOLOGIA,Unidades,,1,0, No Tax, inclusive,SMARTWATCH,,,,,,,
736,CHEESE TRIS,GOLOSINAS,Unidades,,1,0, No Tax, inclusive,SNACKS,,,,,,,
737,CHEETOS,GOLOSINAS,Unidades,,1,0, No Tax, inclusive,SNACKS,,,,,,,
738,CHIZITOS ,GOLOSINAS,Unidades,,1,0, No Tax, inclusive,SNACKS,,,,,,,
739,CUATES,GOLOSINAS,Unidades,,1,0, No Tax, inclusive,SNACKS,,,,,,,
740,DORITOS,GOLOSINAS,Unidades,,1,0, No Tax, inclusive,SNACKS,,,,,,,
741,PAPA LAYS,GOLOSINAS,Unidades,,1,0, No Tax, inclusive,SNACKS,,,,,,,
742,PIQUEOS,GOLOSINAS,Unidades,,1,0, No Tax, inclusive,SNACKS,,,,,,,
743,TORTEES,GOLOSINAS,Unidades,,1,0, No Tax, inclusive,SNACKS,,,,,,,
744,SOBRE MANILA,OFICINA,Unidades,,1,0, No Tax, inclusive,SOBRES,,,,,,,
745,BISAGRA MOROROLA A1200,TECNOLOGIA,Unidades,,1,0, No Tax, inclusive,TELEFONIA,,,,,,,
746,BISAGRA MOTOROLA V180 / V220,TECNOLOGIA,Unidades,,1,0, No Tax, inclusive,TELEFONIA,,,,,,,
747,BISAGRA MOTOROLA V3 / V3I / V3E,TECNOLOGIA,Unidades,,1,0, No Tax, inclusive,TELEFONIA,,,,,,,
748,BISAGRA MOTOROLA V300 / V500,TECNOLOGIA,Unidades,,1,0, No Tax, inclusive,TELEFONIA,,,,,,,
749,BISAGRA MOTOROLA V300 / V555,TECNOLOGIA,Unidades,,1,0, No Tax, inclusive,TELEFONIA,,,,,,,
750,BISAGRA MOTOROLA V3X,TECNOLOGIA,Unidades,,1,0, No Tax, inclusive,TELEFONIA,,,,,,,
751,BISAGRA MOTOROLA W375,TECNOLOGIA,Unidades,,1,0, No Tax, inclusive,TELEFONIA,,,,,,,
752,BISAGRA MOTOROLA W510 / W5,TECNOLOGIA,Unidades,,1,0, No Tax, inclusive,TELEFONIA,,,,,,,
753,BISAGRA NOKIA 6101 / 6103 / 6061 / 6085,TECNOLOGIA,Unidades,,1,0, No Tax, inclusive,TELEFONIA,,,,,,,
754,BISAGRA NOKIA 6131 COMPLETA CON PERNO,TECNOLOGIA,Unidades,,1,0, No Tax, inclusive,TELEFONIA,,,,,,,
755,BISAGRA SONY W300,TECNOLOGIA,Unidades,,1,0, No Tax, inclusive,TELEFONIA,,,,,,,
756,BUZZER BLACKBERRY 8100,TECNOLOGIA,Unidades,,1,0, No Tax, inclusive,TELEFONIA,,,,,,,
757,BUZZER BLACKBERRY 8520,TECNOLOGIA,Unidades,,1,0, No Tax, inclusive,TELEFONIA,,,,,,,
758,BUZZER LG GT360,TECNOLOGIA,Unidades,,1,0, No Tax, inclusive,TELEFONIA,,,,,,,
759,BUZZER LG KP105,TECNOLOGIA,Unidades,,1,0, No Tax, inclusive,TELEFONIA,,,,,,,
760,BUZZER LG ME970 SHINE,TECNOLOGIA,Unidades,,1,0, No Tax, inclusive,TELEFONIA,,,,,,,
761,BUZZER LG MG120,TECNOLOGIA,Unidades,,1,0, No Tax, inclusive,TELEFONIA,,,,,,,
762,BUZZER LG MG200,TECNOLOGIA,Unidades,,1,0, No Tax, inclusive,TELEFONIA,,,,,,,
763,BUZZER MOTOROLA C115,TECNOLOGIA,Unidades,,1,0, No Tax, inclusive,TELEFONIA,,,,,,,
764,BUZZER MOTOROLA V172,TECNOLOGIA,Unidades,,1,0, No Tax, inclusive,TELEFONIA,,,,,,,
765,BUZZER MOTOROLA V3 / V600 / W220 U6,TECNOLOGIA,Unidades,,1,0, No Tax, inclusive,TELEFONIA,,,,,,,
766,BUZZER MOTOROLA V300 / V555 / V600 C261 ROKR,TECNOLOGIA,Unidades,,1,0, No Tax, inclusive,TELEFONIA,,,,,,,
767,BUZZER MOTOROLA W375,TECNOLOGIA,Unidades,,1,0, No Tax, inclusive,TELEFONIA,,,,,,,
768,BUZZER MOTOROLA Z3 / Z6 / W510 / L6 / A1200 ,TECNOLOGIA,Unidades,,1,0, No Tax, inclusive,TELEFONIA,,,,,,,
769,BUZZER NOKIA 1100 ,TECNOLOGIA,Unidades,,1,0, No Tax, inclusive,TELEFONIA,,,,,,,
770,BUZZER NOKIA 1110 / 1208 / 1600,TECNOLOGIA,Unidades,,1,0, No Tax, inclusive,TELEFONIA,,,,,,,
771,BUZZER NOKIA 2630 CON ANTENA,TECNOLOGIA,Unidades,,1,0, No Tax, inclusive,TELEFONIA,,,,,,,
772,BUZZER NOKIA 2760 CON ANTENA,TECNOLOGIA,Unidades,,1,0, No Tax, inclusive,TELEFONIA,,,,,,,
773,BUZZER NOKIA 3220,TECNOLOGIA,Unidades,,1,0, No Tax, inclusive,TELEFONIA,,,,,,,
774,BUZZER NOKIA 3600 CON ANTENA,TECNOLOGIA,Unidades,,1,0, No Tax, inclusive,TELEFONIA,,,,,,,
775,BUZZER NOKIA 6101 / 2600,TECNOLOGIA,Unidades,,1,0, No Tax, inclusive,TELEFONIA,,,,,,,
776,SPEAKERPHONE MOTOROLA L6,TECNOLOGIA,Unidades,,1,0, No Tax, inclusive,TELEFONIA,,,,,,,
777,SPEAKERPHONE MOTOROLA ROCKR / W5,TECNOLOGIA,Unidades,,1,0, No Tax, inclusive,TELEFONIA,,,,,,,
778,SPEAKERPHONE MOTOROLA U6 / V360,TECNOLOGIA,Unidades,,1,0, No Tax, inclusive,TELEFONIA,,,,,,,
779,SPEAKERPHONE MOTOROLA V180,TECNOLOGIA,Unidades,,1,0, No Tax, inclusive,TELEFONIA,,,,,,,
780,SPEAKERPHONE MOTOROLA V3 / V3I / K1 / Z3 / Z6,TECNOLOGIA,Unidades,,1,0, No Tax, inclusive,TELEFONIA,,,,,,,
781,SPEAKERPHONE MOTOROLA XT1032 MOTO G,TECNOLOGIA,Unidades,,1,0, No Tax, inclusive,TELEFONIA,,,,,,,
782,SPEAKERPHONE NOKIA 6131 / 5200 / 2760 / 6101,TECNOLOGIA,Unidades,,1,0, No Tax, inclusive,TELEFONIA,,,,,,,
783,SPEAKERPHONE NOKIA N73,TECNOLOGIA,Unidades,,1,0, No Tax, inclusive,TELEFONIA,,,,,,,
784,SPEAKERPHONE SAMSUNG D810,TECNOLOGIA,Unidades,,1,0, No Tax, inclusive,TELEFONIA,,,,,,,
785,SPEAKERPHONE SAMSUNG I8510,TECNOLOGIA,Unidades,,1,0, No Tax, inclusive,TELEFONIA,,,,,,,
786,SPEAKERPHONE SONY K300,TECNOLOGIA,Unidades,,1,0, No Tax, inclusive,TELEFONIA,,,,,,,
787,SPEAKERPHONE SONY W200 / K310,TECNOLOGIA,Unidades,,1,0, No Tax, inclusive,TELEFONIA,,,,,,,
788,SPEAKERPHONE SONY W300,TECNOLOGIA,Unidades,,1,0, No Tax, inclusive,TELEFONIA,,,,,,,
789,SPEAKERPHONE SONY W580,TECNOLOGIA,Unidades,,1,0, No Tax, inclusive,TELEFONIA,,,,,,,
790,TOTEM PUBLICITARIO AOC 55P32 TOUCH 1920X1080 1400:1 VGA HDMI,TECNOLOGIA,Unidades,,1,0, No Tax, inclusive,TOTEM,,,,,,,
791,GLOBO POP,GOLOSINAS,Unidades,,1,0, No Tax, inclusive,,,,,,,,
792,NIK,GOLOSINAS,Unidades,,1,0, No Tax, inclusive,,,,,,,,